INSERT INTO ELEMENT VALUES ('737000','Barszcz czerwony zabielany','1.4000','0.5000','3.4000','33.0000','2.1000','0.2900','0.2100','0.5000','42.0000','2','0',null,'0',null,date('now'),null);
INSERT INTO ELEMENT_HAS_CATEGORY VALUES ('737000','300000');
INSERT INTO ELEMENT_HAS_ELEMENT VALUES ('316002','737000','67.7966101695');
INSERT INTO ELEMENT_HAS_ELEMENT VALUES ('711006','737000','19.2604006163');
INSERT INTO ELEMENT_HAS_ELEMENT VALUES ('711007','737000','2.31124807396');
INSERT INTO ELEMENT_HAS_ELEMENT VALUES ('741001','737000','0.847457627119');
INSERT INTO ELEMENT_HAS_ELEMENT VALUES ('121002','737000','4.62249614792');
INSERT INTO ELEMENT_HAS_ELEMENT VALUES ('611001','737000','0.770416024653');
INSERT INTO ELEMENT_HAS_ELEMENT VALUES ('1111001','737000','0.539291217257');
INSERT INTO ELEMENT_HAS_ELEMENT VALUES ('211001','737000','3.85208012327');

INSERT INTO ELEMENT VALUES ('738000','Barszcz ukraiński z fasolką szparagową','0.6000','1.3000','6.9000','36.0000','1.9000','0.5600','0.1300','0.6900','18.8406','2','0',null,'0',null,date('now'),null);
INSERT INTO ELEMENT_HAS_CATEGORY VALUES ('738000','300000');
INSERT INTO ELEMENT_HAS_ELEMENT VALUES ('316002','738000','40.3533568905');
INSERT INTO ELEMENT_HAS_ELEMENT VALUES ('711006','738000','20.2120141343');
INSERT INTO ELEMENT_HAS_ELEMENT VALUES ('711019','738000','6.0777385159');
INSERT INTO ELEMENT_HAS_ELEMENT VALUES ('711027','738000','4.02826855124');
INSERT INTO ELEMENT_HAS_ELEMENT VALUES ('711032','738000','2.04946996466');
INSERT INTO ELEMENT_HAS_ELEMENT VALUES ('711035','738000','0.989399293286');
INSERT INTO ELEMENT_HAS_ELEMENT VALUES ('731001','738000','8.05653710247');
INSERT INTO ELEMENT_HAS_ELEMENT VALUES ('711052','738000','10.1060070671');
INSERT INTO ELEMENT_HAS_ELEMENT VALUES ('731005','738000','2.04946996466');
INSERT INTO ELEMENT_HAS_ELEMENT VALUES ('121004','738000','4.02826855124');
INSERT INTO ELEMENT_HAS_ELEMENT VALUES ('611001','738000','0.424028268551');
INSERT INTO ELEMENT_HAS_ELEMENT VALUES ('1111001','738000','0.636042402827');
INSERT INTO ELEMENT_HAS_ELEMENT VALUES ('711033','738000','0.989399293286');

INSERT INTO ELEMENT VALUES ('739000','Barszcz ukraiński z fasolą białą','2.7000','1.4000','6.6000','54.0000','2.2000','0.5200','0.3310','0.8510','38.8954','2','0',null,'0',null,date('now'),null);
INSERT INTO ELEMENT_HAS_CATEGORY VALUES ('739000','300000');
INSERT INTO ELEMENT_HAS_ELEMENT VALUES ('316002','739000','44.0677966102');
INSERT INTO ELEMENT_HAS_ELEMENT VALUES ('711006','739000','6.77966101695');
INSERT INTO ELEMENT_HAS_ELEMENT VALUES ('711013','739000','3.38983050847');
INSERT INTO ELEMENT_HAS_ELEMENT VALUES ('711021','739000','8.47457627119');
INSERT INTO ELEMENT_HAS_ELEMENT VALUES ('711027','739000','5.08474576271');
INSERT INTO ELEMENT_HAS_ELEMENT VALUES ('711035','739000','1.69491525424');
INSERT INTO ELEMENT_HAS_ELEMENT VALUES ('711040','739000','2.54237288136');
INSERT INTO ELEMENT_HAS_ELEMENT VALUES ('711034','739000','10.1694915254');
INSERT INTO ELEMENT_HAS_ELEMENT VALUES ('741001','739000','0.932203389831');
INSERT INTO ELEMENT_HAS_ELEMENT VALUES ('711052','739000','8.72881355932');
INSERT INTO ELEMENT_HAS_ELEMENT VALUES ('314005','739000','0.847457627119');
INSERT INTO ELEMENT_HAS_ELEMENT VALUES ('512016','739000','1.35593220339');
INSERT INTO ELEMENT_HAS_ELEMENT VALUES ('121002','739000','5.08474576271');
INSERT INTO ELEMENT_HAS_ELEMENT VALUES ('611001','739000','0.338983050847');
INSERT INTO ELEMENT_HAS_ELEMENT VALUES ('1111001','739000','0.508474576271');

INSERT INTO ELEMENT VALUES ('740000','Barszcz z boćwiną','1.7000','0.5000','2.5000','29.0000','1.5000','0.2000','0.2130','0.4130','51.5738','2','0',null,'0',null,date('now'),null);
INSERT INTO ELEMENT_HAS_CATEGORY VALUES ('740000','300000');
INSERT INTO ELEMENT_HAS_ELEMENT VALUES ('316002','740000','58.3446404342');
INSERT INTO ELEMENT_HAS_ELEMENT VALUES ('711002','740000','13.5685210312');
INSERT INTO ELEMENT_HAS_ELEMENT VALUES ('711006','740000','8.14111261872');
INSERT INTO ELEMENT_HAS_ELEMENT VALUES ('711007','740000','1.89959294437');
INSERT INTO ELEMENT_HAS_ELEMENT VALUES ('512016','740000','0.542740841248');
INSERT INTO ELEMENT_HAS_ELEMENT VALUES ('121002','740000','8.14111261872');
INSERT INTO ELEMENT_HAS_ELEMENT VALUES ('611001','740000','1.89959294437');
INSERT INTO ELEMENT_HAS_ELEMENT VALUES ('1111001','740000','0.67842605156');
INSERT INTO ELEMENT_HAS_ELEMENT VALUES ('211001','740000','6.7842605156');

INSERT INTO ELEMENT VALUES ('741000','Kapuśniak z kwaszonej kapusty','1.2000','0.4000','1.7000','22.0000','1.5000','0.1300','0.1680','0.2980','56.3758','2','0',null,'0',null,date('now'),null);
INSERT INTO ELEMENT_HAS_CATEGORY VALUES ('741000','300000');
INSERT INTO ELEMENT_HAS_ELEMENT VALUES ('316002','741000','80.3324099723');
INSERT INTO ELEMENT_HAS_ELEMENT VALUES ('731004','741000','13.8504155125');
INSERT INTO ELEMENT_HAS_ELEMENT VALUES ('741001','741000','1.01569713758');
INSERT INTO ELEMENT_HAS_ELEMENT VALUES ('711007','741000','0.923361034164');
INSERT INTO ELEMENT_HAS_ELEMENT VALUES ('314005','741000','2.21606648199');
INSERT INTO ELEMENT_HAS_ELEMENT VALUES ('611001','741000','0.923361034164');
INSERT INTO ELEMENT_HAS_ELEMENT VALUES ('1111001','741000','0.369344413666');
INSERT INTO ELEMENT_HAS_ELEMENT VALUES ('711033','741000','0.369344413666');

INSERT INTO ELEMENT VALUES ('742000','Kapuśniak ze słodkiej kapusty','2.1000','0.7000','3.2000','32.0000','0.7000','0.2500','0.2170','0.4670','46.4668','2','0',null,'0',null,date('now'),null);
INSERT INTO ELEMENT_HAS_CATEGORY VALUES ('742000','300000');
INSERT INTO ELEMENT_HAS_ELEMENT VALUES ('711021','742000','40.4858299595');
INSERT INTO ELEMENT_HAS_ELEMENT VALUES ('711027','742000','7.08502024291');
INSERT INTO ELEMENT_HAS_ELEMENT VALUES ('711032','742000','3.03643724696');
INSERT INTO ELEMENT_HAS_ELEMENT VALUES ('711035','742000','6.07287449393');
INSERT INTO ELEMENT_HAS_ELEMENT VALUES ('711040','742000','4.04858299595');
INSERT INTO ELEMENT_HAS_ELEMENT VALUES ('711034','742000','20.2429149798');
INSERT INTO ELEMENT_HAS_ELEMENT VALUES ('711007','742000','0.404858299595');
INSERT INTO ELEMENT_HAS_ELEMENT VALUES ('512016','742000','2.83400809717');
INSERT INTO ELEMENT_HAS_ELEMENT VALUES ('121002','742000','12.1457489879');
INSERT INTO ELEMENT_HAS_ELEMENT VALUES ('611001','742000','2.02429149798');
INSERT INTO ELEMENT_HAS_ELEMENT VALUES ('1111001','742000','0.80971659919');
INSERT INTO ELEMENT_HAS_ELEMENT VALUES ('711033','742000','0.80971659919');

INSERT INTO ELEMENT VALUES ('743000','Krem z zielonego groszku','3.8000','1.6000','5.9000','64.0000','3.1000','0.4300','0.4660','0.8960','52.0089','2','0',null,'0',null,date('now'),null);
INSERT INTO ELEMENT_HAS_CATEGORY VALUES ('743000','300000');
INSERT INTO ELEMENT_HAS_ELEMENT VALUES ('316002','743000','49.2513790386');
INSERT INTO ELEMENT_HAS_ELEMENT VALUES ('711017','743000','38.3766745469');
INSERT INTO ELEMENT_HAS_ELEMENT VALUES ('521002','743000','1.89125295508');
INSERT INTO ELEMENT_HAS_ELEMENT VALUES ('121002','743000','7.72261623325');
INSERT INTO ELEMENT_HAS_ELEMENT VALUES ('611001','743000','1.18203309693');
INSERT INTO ELEMENT_HAS_ELEMENT VALUES ('1111001','743000','0.0788022064618');
INSERT INTO ELEMENT_HAS_ELEMENT VALUES ('211003','743000','1.49724192277');

INSERT INTO ELEMENT VALUES ('744000','Krupnik z kaszy gryczanej','1.2000','0.9000','7.2000','43.0000','1.7000','0.6300','0.1760','0.8060','21.8362','2','0',null,'0',null,date('now'),null);
INSERT INTO ELEMENT_HAS_CATEGORY VALUES ('744000','300000');
INSERT INTO ELEMENT_HAS_ELEMENT VALUES ('316002','744000','53.314659197');
INSERT INTO ELEMENT_HAS_ELEMENT VALUES ('621001','744000','4.01493930906');
INSERT INTO ELEMENT_HAS_ELEMENT VALUES ('711027','744000','6.62931839402');
INSERT INTO ELEMENT_HAS_ELEMENT VALUES ('711032','744000','2.70774976657');
INSERT INTO ELEMENT_HAS_ELEMENT VALUES ('711035','744000','2.70774976657');
INSERT INTO ELEMENT_HAS_ELEMENT VALUES ('711040','744000','1.30718954248');
INSERT INTO ELEMENT_HAS_ELEMENT VALUES ('711052','744000','26.7040149393');
INSERT INTO ELEMENT_HAS_ELEMENT VALUES ('512016','744000','1.30718954248');
INSERT INTO ELEMENT_HAS_ELEMENT VALUES ('711033','744000','1.30718954248');

INSERT INTO ELEMENT VALUES ('745000','Krupnik z kaszy jęczmiennej','0.9000','0.9000','7.4000','40.0000','1.5000','0.6500','0.1410','0.7910','17.8255','2','0',null,'0',null,date('now'),null);
INSERT INTO ELEMENT_HAS_CATEGORY VALUES ('745000','300000');
INSERT INTO ELEMENT_HAS_ELEMENT VALUES ('316002','745000','53.4644194757');
INSERT INTO ELEMENT_HAS_ELEMENT VALUES ('621003','745000','4.02621722846');
INSERT INTO ELEMENT_HAS_ELEMENT VALUES ('711027','745000','6.64794007491');
INSERT INTO ELEMENT_HAS_ELEMENT VALUES ('711032','745000','2.71535580524');
INSERT INTO ELEMENT_HAS_ELEMENT VALUES ('711035','745000','2.71535580524');
INSERT INTO ELEMENT_HAS_ELEMENT VALUES ('711040','745000','1.31086142322');
INSERT INTO ELEMENT_HAS_ELEMENT VALUES ('711052','745000','26.7790262172');
INSERT INTO ELEMENT_HAS_ELEMENT VALUES ('512016','745000','1.02996254682');
INSERT INTO ELEMENT_HAS_ELEMENT VALUES ('711033','745000','1.31086142322');

INSERT INTO ELEMENT VALUES ('746000','Krupnik z ryżu','1.1000','0.8000','7.6000','43.0000','1.5000','0.6800','0.1590','0.8390','18.9511','2','0',null,'0',null,date('now'),null);
INSERT INTO ELEMENT_HAS_CATEGORY VALUES ('746000','300000');
INSERT INTO ELEMENT_HAS_ELEMENT VALUES ('316002','746000','53.314659197');
INSERT INTO ELEMENT_HAS_ELEMENT VALUES ('621006','746000','4.01493930906');
INSERT INTO ELEMENT_HAS_ELEMENT VALUES ('711027','746000','6.62931839402');
INSERT INTO ELEMENT_HAS_ELEMENT VALUES ('711032','746000','2.70774976657');
INSERT INTO ELEMENT_HAS_ELEMENT VALUES ('711035','746000','2.70774976657');
INSERT INTO ELEMENT_HAS_ELEMENT VALUES ('711040','746000','1.30718954248');
INSERT INTO ELEMENT_HAS_ELEMENT VALUES ('711052','746000','26.7040149393');
INSERT INTO ELEMENT_HAS_ELEMENT VALUES ('512016','746000','1.30718954248');
INSERT INTO ELEMENT_HAS_ELEMENT VALUES ('711033','746000','1.30718954248');

INSERT INTO ELEMENT VALUES ('747000','Zupa cebulowa','2.7000','0.4000','4.0000','44.0000','1.4000','0.3600','0.2990','0.6590','45.3718','2','0',null,'0',null,date('now'),null);
INSERT INTO ELEMENT_HAS_CATEGORY VALUES ('747000','300000');
INSERT INTO ELEMENT_HAS_ELEMENT VALUES ('316002','747000','67.6532769556');
INSERT INTO ELEMENT_HAS_ELEMENT VALUES ('711007','747000','19.0274841438');
INSERT INTO ELEMENT_HAS_ELEMENT VALUES ('512016','747000','2.32558139535');
INSERT INTO ELEMENT_HAS_ELEMENT VALUES ('121002','747000','6.34249471459');
INSERT INTO ELEMENT_HAS_ELEMENT VALUES ('611001','747000','1.05708245243');
INSERT INTO ELEMENT_HAS_ELEMENT VALUES ('643004','747000','3.17124735729');
INSERT INTO ELEMENT_HAS_ELEMENT VALUES ('711033','747000','0.422832980973');

INSERT INTO ELEMENT VALUES ('748000','Zupa cytrynowa z ryżem','2.2000','0.6000','8.6000','58.0000','1.4000','0.8000','0.2540','1.0540','24.0987','2','0',null,'0',null,date('now'),null);
INSERT INTO ELEMENT_HAS_CATEGORY VALUES ('748000','300000');
INSERT INTO ELEMENT_HAS_ELEMENT VALUES ('316002','748000','63.0242825607');
INSERT INTO ELEMENT_HAS_ELEMENT VALUES ('621006','748000','9.49227373068');
INSERT INTO ELEMENT_HAS_ELEMENT VALUES ('711027','748000','7.83664459161');
INSERT INTO ELEMENT_HAS_ELEMENT VALUES ('711032','748000','3.20088300221');
INSERT INTO ELEMENT_HAS_ELEMENT VALUES ('711035','748000','3.20088300221');
INSERT INTO ELEMENT_HAS_ELEMENT VALUES ('711040','748000','1.54525386313');
INSERT INTO ELEMENT_HAS_ELEMENT VALUES ('811007','748000','6.29139072848');
INSERT INTO ELEMENT_HAS_ELEMENT VALUES ('512016','748000','3.20088300221');
INSERT INTO ELEMENT_HAS_ELEMENT VALUES ('611001','748000','1.54525386313');
INSERT INTO ELEMENT_HAS_ELEMENT VALUES ('1111001','748000','0.662251655629');

INSERT INTO ELEMENT VALUES ('749000','Zupa fasolowa','1.8000','2.4000','10.0000','63.0000','4.0000','0.7600','0.3220','1.0820','29.7597','2','0',null,'0',null,date('now'),null);
INSERT INTO ELEMENT_HAS_CATEGORY VALUES ('749000','300000');
INSERT INTO ELEMENT_HAS_ELEMENT VALUES ('316002','749000','72.7762803235');
INSERT INTO ELEMENT_HAS_ELEMENT VALUES ('711013','749000','22.9110512129');
INSERT INTO ELEMENT_HAS_ELEMENT VALUES ('521003','749000','2.69541778976');
INSERT INTO ELEMENT_HAS_ELEMENT VALUES ('611001','749000','1.0781671159');
INSERT INTO ELEMENT_HAS_ELEMENT VALUES ('711033','749000','0.539083557951');

INSERT INTO ELEMENT VALUES ('750000','Zupa grochowa','2.4000','2.2000','8.9000','66.0000','4.4000','0.6700','0.3920','1.0620','36.9115','2','0',null,'0',null,date('now'),null);
INSERT INTO ELEMENT_HAS_CATEGORY VALUES ('750000','300000');
INSERT INTO ELEMENT_HAS_ELEMENT VALUES ('316002','750000','73.9795918367');
INSERT INTO ELEMENT_HAS_ELEMENT VALUES ('711016','750000','20.4081632653');
INSERT INTO ELEMENT_HAS_ELEMENT VALUES ('314005','750000','3.82653061224');
INSERT INTO ELEMENT_HAS_ELEMENT VALUES ('521003','750000','1.27551020408');
INSERT INTO ELEMENT_HAS_ELEMENT VALUES ('611001','750000','0.510204081633');

INSERT INTO ELEMENT VALUES ('751000','Zupa grzybowa zabielana','1.9000','0.4000','1.8000','29.0000','1.5000','0.1400','0.2310','0.3710','62.2642','2','0',null,'0',null,date('now'),null);
INSERT INTO ELEMENT_HAS_CATEGORY VALUES ('751000','300000');
INSERT INTO ELEMENT_HAS_ELEMENT VALUES ('316002','751000','80.3212851406');
INSERT INTO ELEMENT_HAS_ELEMENT VALUES ('741001','751000','8.83534136546');
INSERT INTO ELEMENT_HAS_ELEMENT VALUES ('711007','751000','2.00803212851');
INSERT INTO ELEMENT_HAS_ELEMENT VALUES ('521002','751000','1.20481927711');
INSERT INTO ELEMENT_HAS_ELEMENT VALUES ('121002','751000','6.02409638554');
INSERT INTO ELEMENT_HAS_ELEMENT VALUES ('611001','751000','1.20481927711');
INSERT INTO ELEMENT_HAS_ELEMENT VALUES ('711033','751000','0.401606425703');

INSERT INTO ELEMENT VALUES ('752000','Zupa jarzynowa','1.1000','1.2000','4.3000','28.0000','1.4000','0.3100','0.1550','0.4650','33.3333','2','0',null,'0',null,date('now'),null);
INSERT INTO ELEMENT_HAS_CATEGORY VALUES ('752000','300000');
INSERT INTO ELEMENT_HAS_ELEMENT VALUES ('316002','752000','47.5833333333');
INSERT INTO ELEMENT_HAS_ELEMENT VALUES ('731001','752000','19.0833333333');
INSERT INTO ELEMENT_HAS_ELEMENT VALUES ('711027','752000','9.5');
INSERT INTO ELEMENT_HAS_ELEMENT VALUES ('711032','752000','2.41666666667');
INSERT INTO ELEMENT_HAS_ELEMENT VALUES ('711035','752000','2.41666666667');
INSERT INTO ELEMENT_HAS_ELEMENT VALUES ('711040','752000','2.41666666667');
INSERT INTO ELEMENT_HAS_ELEMENT VALUES ('711052','752000','14.25');
INSERT INTO ELEMENT_HAS_ELEMENT VALUES ('512016','752000','1.16666666667');
INSERT INTO ELEMENT_HAS_ELEMENT VALUES ('711033','752000','1.16666666667');

INSERT INTO ELEMENT VALUES ('753000','Zupa jarzynowa zabielana','1.8000','1.1000','6.2000','44.0000','1.7000','0.5100','0.2300','0.7400','31.0811','2','0',null,'0',null,date('now'),null);
INSERT INTO ELEMENT_HAS_CATEGORY VALUES ('753000','300000');
INSERT INTO ELEMENT_HAS_ELEMENT VALUES ('316002','753000','44.5434298441');
INSERT INTO ELEMENT_HAS_ELEMENT VALUES ('711015','753000','2.96956198961');
INSERT INTO ELEMENT_HAS_ELEMENT VALUES ('711019','753000','5.93912397921');
INSERT INTO ELEMENT_HAS_ELEMENT VALUES ('711021','753000','2.2271714922');
INSERT INTO ELEMENT_HAS_ELEMENT VALUES ('711027','753000','5.19673348181');
INSERT INTO ELEMENT_HAS_ELEMENT VALUES ('711032','753000','1.4847809948');
INSERT INTO ELEMENT_HAS_ELEMENT VALUES ('711035','753000','2.2271714922');
INSERT INTO ELEMENT_HAS_ELEMENT VALUES ('711040','753000','2.2271714922');
INSERT INTO ELEMENT_HAS_ELEMENT VALUES ('711034','753000','5.93912397921');
INSERT INTO ELEMENT_HAS_ELEMENT VALUES ('711052','753000','20.861172977');
INSERT INTO ELEMENT_HAS_ELEMENT VALUES ('512016','753000','0.742390497402');
INSERT INTO ELEMENT_HAS_ELEMENT VALUES ('121002','753000','4.45434298441');
INSERT INTO ELEMENT_HAS_ELEMENT VALUES ('611001','753000','0.742390497402');
INSERT INTO ELEMENT_HAS_ELEMENT VALUES ('711033','753000','0.445434298441');

INSERT INTO ELEMENT VALUES ('754000','Zupa kalafiorowa','0.5000','1.0000','4.9000','27.0000','1.7000','0.3900','0.1130','0.5030','22.4652','2','0',null,'0',null,date('now'),null);
INSERT INTO ELEMENT_HAS_CATEGORY VALUES ('754000','300000');
INSERT INTO ELEMENT_HAS_ELEMENT VALUES ('316002','754000','46.3850528026');
INSERT INTO ELEMENT_HAS_ELEMENT VALUES ('711019','754000','23.2331437855');
INSERT INTO ELEMENT_HAS_ELEMENT VALUES ('711027','754000','5.76766856214');
INSERT INTO ELEMENT_HAS_ELEMENT VALUES ('711032','754000','2.35580828595');
INSERT INTO ELEMENT_HAS_ELEMENT VALUES ('711035','754000','2.35580828595');
INSERT INTO ELEMENT_HAS_ELEMENT VALUES ('711040','754000','1.13728675873');
INSERT INTO ELEMENT_HAS_ELEMENT VALUES ('711052','754000','11.6165718928');
INSERT INTO ELEMENT_HAS_ELEMENT VALUES ('121004','754000','4.63038180341');
INSERT INTO ELEMENT_HAS_ELEMENT VALUES ('611001','754000','1.13728675873');
INSERT INTO ELEMENT_HAS_ELEMENT VALUES ('1111001','754000','0.243704305443');
INSERT INTO ELEMENT_HAS_ELEMENT VALUES ('711033','754000','1.13728675873');

INSERT INTO ELEMENT VALUES ('755000','Zupa ogórkowa','2.0000','0.4000','5.0000','42.0000','1.4000','0.4600','0.2360','0.6960','33.9080','2','0',null,'0',null,date('now'),null);
INSERT INTO ELEMENT_HAS_CATEGORY VALUES ('755000','300000');
INSERT INTO ELEMENT_HAS_ELEMENT VALUES ('316002','755000','56.9852941176');
INSERT INTO ELEMENT_HAS_ELEMENT VALUES ('731007','755000','9.19117647059');
INSERT INTO ELEMENT_HAS_ELEMENT VALUES ('711052','755000','25.6433823529');
INSERT INTO ELEMENT_HAS_ELEMENT VALUES ('512016','755000','1.28676470588');
INSERT INTO ELEMENT_HAS_ELEMENT VALUES ('121002','755000','5.51470588235');
INSERT INTO ELEMENT_HAS_ELEMENT VALUES ('611001','755000','1.10294117647');
INSERT INTO ELEMENT_HAS_ELEMENT VALUES ('1111001','755000','0.275735294118');

INSERT INTO ELEMENT VALUES ('756000','Zupa owocowa z jabłek','0.1000','0.6000','10.6000','42.0000','0.1000','1.0000','0.0130','1.0130','1.2833','2','0',null,'0',null,date('now'),null);
INSERT INTO ELEMENT_HAS_CATEGORY VALUES ('756000','300000');
INSERT INTO ELEMENT_HAS_ELEMENT VALUES ('811013','756000','83.9530332681');
INSERT INTO ELEMENT_HAS_ELEMENT VALUES ('1111001','756000','13.8943248532');
INSERT INTO ELEMENT_HAS_ELEMENT VALUES ('731009','756000','2.15264187867');

INSERT INTO ELEMENT VALUES ('757000','Zupa pomidorowa','0.1000','0.5000','2.1000','11.0000','1.0000','0.1600','0.0490','0.2090','23.4450','2','0',null,'0',null,date('now'),null);
INSERT INTO ELEMENT_HAS_CATEGORY VALUES ('757000','300000');
INSERT INTO ELEMENT_HAS_ELEMENT VALUES ('316002','757000','73.4877734878');
INSERT INTO ELEMENT_HAS_ELEMENT VALUES ('711027','757000','9.13770913771');
INSERT INTO ELEMENT_HAS_ELEMENT VALUES ('711032','757000','3.7323037323');
INSERT INTO ELEMENT_HAS_ELEMENT VALUES ('711035','757000','3.7323037323');
INSERT INTO ELEMENT_HAS_ELEMENT VALUES ('711040','757000','1.8018018018');
INSERT INTO ELEMENT_HAS_ELEMENT VALUES ('731005','757000','5.53410553411');
INSERT INTO ELEMENT_HAS_ELEMENT VALUES ('1111001','757000','0.772200772201');
INSERT INTO ELEMENT_HAS_ELEMENT VALUES ('711033','757000','1.8018018018');

INSERT INTO ELEMENT VALUES ('758000','Zupa pomidorowa z makaronem','1.8000','0.2000','3.3000','35.0000','1.6000','0.3100','0.2260','0.5360','42.1642','2','0',null,'0',null,date('now'),null);
INSERT INTO ELEMENT_HAS_CATEGORY VALUES ('758000','300000');
INSERT INTO ELEMENT_HAS_ELEMENT VALUES ('316002','758000','84.0840840841');
INSERT INTO ELEMENT_HAS_ELEMENT VALUES ('731005','758000','2.9029029029');
INSERT INTO ELEMENT_HAS_ELEMENT VALUES ('711007','758000','2.002002002');
INSERT INTO ELEMENT_HAS_ELEMENT VALUES ('512016','758000','1.001001001');
INSERT INTO ELEMENT_HAS_ELEMENT VALUES ('121002','758000','6.00600600601');
INSERT INTO ELEMENT_HAS_ELEMENT VALUES ('611001','758000','1.2012012012');
INSERT INTO ELEMENT_HAS_ELEMENT VALUES ('631003','758000','2.002002002');
INSERT INTO ELEMENT_HAS_ELEMENT VALUES ('1111001','758000','0.4004004004');
INSERT INTO ELEMENT_HAS_ELEMENT VALUES ('711033','758000','0.4004004004');

INSERT INTO ELEMENT VALUES ('759000','Zupa pomidorowa z ryżem','1.8000','0.2000','3.9000','37.0000','1.5000','0.3700','0.2220','0.5920','37.5000','2','0',null,'0',null,date('now'),null);
INSERT INTO ELEMENT_HAS_CATEGORY VALUES ('759000','300000');
INSERT INTO ELEMENT_HAS_ELEMENT VALUES ('316002','759000','83.4160873883');
INSERT INTO ELEMENT_HAS_ELEMENT VALUES ('731005','759000','2.87984111221');
INSERT INTO ELEMENT_HAS_ELEMENT VALUES ('711007','759000','1.98609731877');
INSERT INTO ELEMENT_HAS_ELEMENT VALUES ('512016','759000','0.993048659384');
INSERT INTO ELEMENT_HAS_ELEMENT VALUES ('121002','759000','5.95829195631');
INSERT INTO ELEMENT_HAS_ELEMENT VALUES ('611001','759000','1.19165839126');
INSERT INTO ELEMENT_HAS_ELEMENT VALUES ('621006','759000','2.78053624628');
INSERT INTO ELEMENT_HAS_ELEMENT VALUES ('1111001','759000','0.397219463754');
INSERT INTO ELEMENT_HAS_ELEMENT VALUES ('711033','759000','0.397219463754');

INSERT INTO ELEMENT VALUES ('760000','Zupa pomidorowa zabielana','0.6000','0.5000','2.3000','17.0000','1.2000','0.1800','0.1020','0.2820','36.1702','2','0',null,'0',null,date('now'),null);
INSERT INTO ELEMENT_HAS_CATEGORY VALUES ('760000','300000');
INSERT INTO ELEMENT_HAS_ELEMENT VALUES ('316002','760000','68.4652278177');
INSERT INTO ELEMENT_HAS_ELEMENT VALUES ('711027','760000','8.51318944844');
INSERT INTO ELEMENT_HAS_ELEMENT VALUES ('711032','760000','3.47721822542');
INSERT INTO ELEMENT_HAS_ELEMENT VALUES ('711035','760000','3.47721822542');
INSERT INTO ELEMENT_HAS_ELEMENT VALUES ('711040','760000','1.67865707434');
INSERT INTO ELEMENT_HAS_ELEMENT VALUES ('731005','760000','5.15587529976');
INSERT INTO ELEMENT_HAS_ELEMENT VALUES ('121004','760000','6.8345323741');
INSERT INTO ELEMENT_HAS_ELEMENT VALUES ('1111001','760000','0.719424460432');
INSERT INTO ELEMENT_HAS_ELEMENT VALUES ('711033','760000','1.67865707434');

INSERT INTO ELEMENT VALUES ('761000','Zupa selerowa','1.8000','0.8000','4.5000','37.0000','1.6000','0.3700','0.2260','0.5960','37.9195','2','0',null,'0',null,date('now'),null);
INSERT INTO ELEMENT_HAS_CATEGORY VALUES ('761000','300000');
INSERT INTO ELEMENT_HAS_ELEMENT VALUES ('316002','761000','63.3383010432');
INSERT INTO ELEMENT_HAS_ELEMENT VALUES ('711040','761000','14.9031296572');
INSERT INTO ELEMENT_HAS_ELEMENT VALUES ('711052','761000','15.3502235469');
INSERT INTO ELEMENT_HAS_ELEMENT VALUES ('512016','761000','0.745156482861');
INSERT INTO ELEMENT_HAS_ELEMENT VALUES ('121002','761000','4.47093889717');
INSERT INTO ELEMENT_HAS_ELEMENT VALUES ('611001','761000','0.894187779434');
INSERT INTO ELEMENT_HAS_ELEMENT VALUES ('711033','761000','0.298062593145');

INSERT INTO ELEMENT VALUES ('762000','Zupa selerowa z grzankami','1.9000','1.3000','8.0000','52.0000','1.9000','0.6700','0.2470','0.9170','26.9357','2','0',null,'0',null,date('now'),null);
INSERT INTO ELEMENT_HAS_CATEGORY VALUES ('762000','300000');
INSERT INTO ELEMENT_HAS_ELEMENT VALUES ('316002','762000','50.0438212095');
INSERT INTO ELEMENT_HAS_ELEMENT VALUES ('711040','762000','25.4163014899');
INSERT INTO ELEMENT_HAS_ELEMENT VALUES ('711027','762000','6.22261174408');
INSERT INTO ELEMENT_HAS_ELEMENT VALUES ('711032','762000','2.54163014899');
INSERT INTO ELEMENT_HAS_ELEMENT VALUES ('711035','762000','2.54163014899');
INSERT INTO ELEMENT_HAS_ELEMENT VALUES ('512016','762000','2.01577563541');
INSERT INTO ELEMENT_HAS_ELEMENT VALUES ('643003','762000','9.99123575811');
INSERT INTO ELEMENT_HAS_ELEMENT VALUES ('711033','762000','1.22699386503');

INSERT INTO ELEMENT VALUES ('763000','Zupa szczawiowa','2.5000','0.2000','2.9000','40.0000','1.7000','0.2700','0.2930','0.5630','52.0426','2','0',null,'0',null,date('now'),null);
INSERT INTO ELEMENT_HAS_CATEGORY VALUES ('763000','300000');
INSERT INTO ELEMENT_HAS_ELEMENT VALUES ('316002','763000','66.1764705882');
INSERT INTO ELEMENT_HAS_ELEMENT VALUES ('711046','763000','9.19117647059');
INSERT INTO ELEMENT_HAS_ELEMENT VALUES ('512016','763000','1.47058823529');
INSERT INTO ELEMENT_HAS_ELEMENT VALUES ('111003','763000','15.625');
INSERT INTO ELEMENT_HAS_ELEMENT VALUES ('121002','763000','5.51470588235');
INSERT INTO ELEMENT_HAS_ELEMENT VALUES ('611001','763000','1.47058823529');
INSERT INTO ELEMENT_HAS_ELEMENT VALUES ('1111001','763000','0.551470588235');

INSERT INTO ELEMENT VALUES ('764000','Zupa szpinakowa z ziemniakami','0.9000','1.0000','6.6000','40.0000','2.2000','0.5600','0.1690','0.7290','23.1824','2','0',null,'0',null,date('now'),null);
INSERT INTO ELEMENT_HAS_CATEGORY VALUES ('764000','300000');
INSERT INTO ELEMENT_HAS_ELEMENT VALUES ('316002','764000','40.8148677627');
INSERT INTO ELEMENT_HAS_ELEMENT VALUES ('711049','764000','12.2230164403');
INSERT INTO ELEMENT_HAS_ELEMENT VALUES ('711027','764000','5.07505360972');
INSERT INTO ELEMENT_HAS_ELEMENT VALUES ('711032','764000','2.07290922087');
INSERT INTO ELEMENT_HAS_ELEMENT VALUES ('711035','764000','2.07290922087');
INSERT INTO ELEMENT_HAS_ELEMENT VALUES ('711040','764000','1.00071479628');
INSERT INTO ELEMENT_HAS_ELEMENT VALUES ('711052','764000','20.4431736955');
INSERT INTO ELEMENT_HAS_ELEMENT VALUES ('111003','764000','10.2215868477');
INSERT INTO ELEMENT_HAS_ELEMENT VALUES ('121004','764000','5.07505360972');
INSERT INTO ELEMENT_HAS_ELEMENT VALUES ('611001','764000','1.00071479628');

INSERT INTO ELEMENT VALUES ('765000','Zupa z fasoli szparagowej','0.6000','1.8000','8.9000','43.0000','2.2000','0.7100','0.1420','0.8520','16.6667','2','0',null,'0',null,date('now'),null);
INSERT INTO ELEMENT_HAS_CATEGORY VALUES ('765000','300000');
INSERT INTO ELEMENT_HAS_ELEMENT VALUES ('316002','765000','34.5223700121');
INSERT INTO ELEMENT_HAS_ELEMENT VALUES ('731001','765000','25.9975816203');
INSERT INTO ELEMENT_HAS_ELEMENT VALUES ('711027','765000','4.29262394196');
INSERT INTO ELEMENT_HAS_ELEMENT VALUES ('711032','765000','1.75332527207');
INSERT INTO ELEMENT_HAS_ELEMENT VALUES ('711035','765000','1.75332527207');
INSERT INTO ELEMENT_HAS_ELEMENT VALUES ('711040','765000','0.846432889964');
INSERT INTO ELEMENT_HAS_ELEMENT VALUES ('711052','765000','25.9975816203');
INSERT INTO ELEMENT_HAS_ELEMENT VALUES ('121004','765000','3.446191052');
INSERT INTO ELEMENT_HAS_ELEMENT VALUES ('611001','765000','0.544135429262');
INSERT INTO ELEMENT_HAS_ELEMENT VALUES ('711033','765000','0.846432889964');

INSERT INTO ELEMENT VALUES ('766000','Zupa z porów z makaronem','1.4000','1.4000','10.3000','59.0000','2.5000','0.8900','0.2260','1.1160','20.2509','2','0',null,'0',null,date('now'),null);
INSERT INTO ELEMENT_HAS_CATEGORY VALUES ('766000','300000');
INSERT INTO ELEMENT_HAS_ELEMENT VALUES ('316002','766000','44.9252557042');
INSERT INTO ELEMENT_HAS_ELEMENT VALUES ('711035','766000','26.986624705');
INSERT INTO ELEMENT_HAS_ELEMENT VALUES ('711027','766000','11.2509834776');
INSERT INTO ELEMENT_HAS_ELEMENT VALUES ('711032','766000','3.38316286389');
INSERT INTO ELEMENT_HAS_ELEMENT VALUES ('711040','766000','2.28166797797');
INSERT INTO ELEMENT_HAS_ELEMENT VALUES ('631003','766000','8.96931549961');
INSERT INTO ELEMENT_HAS_ELEMENT VALUES ('512016','766000','1.10149488592');
INSERT INTO ELEMENT_HAS_ELEMENT VALUES ('711033','766000','1.10149488592');

INSERT INTO ELEMENT VALUES ('767000','Zupa z zielonego groszku','1.2000','3.1000','11.2000','57.0000','3.2000','0.8100','0.2360','1.0460','22.5621','2','0',null,'0',null,date('now'),null);
INSERT INTO ELEMENT_HAS_CATEGORY VALUES ('767000','300000');
INSERT INTO ELEMENT_HAS_ELEMENT VALUES ('316002','767000','36.3231552163');
INSERT INTO ELEMENT_HAS_ELEMENT VALUES ('731003','767000','27.2900763359');
INSERT INTO ELEMENT_HAS_ELEMENT VALUES ('711027','767000','9.09669211196');
INSERT INTO ELEMENT_HAS_ELEMENT VALUES ('711032','767000','2.73536895674');
INSERT INTO ELEMENT_HAS_ELEMENT VALUES ('711035','767000','3.62595419847');
INSERT INTO ELEMENT_HAS_ELEMENT VALUES ('711040','767000','1.84478371501');
INSERT INTO ELEMENT_HAS_ELEMENT VALUES ('711052','767000','18.1933842239');
INSERT INTO ELEMENT_HAS_ELEMENT VALUES ('512016','767000','0.89058524173');

INSERT INTO ELEMENT VALUES ('768000','Zupa ziemniaczana','1.1000','0.9000','6.6000','39.0000','1.4000','0.5700','0.1550','0.7250','21.3793','2','0',null,'0',null,date('now'),null);
INSERT INTO ELEMENT_HAS_CATEGORY VALUES ('768000','300000');
INSERT INTO ELEMENT_HAS_ELEMENT VALUES ('316002','768000','48.6371379898');
INSERT INTO ELEMENT_HAS_ELEMENT VALUES ('711027','768000','6.04770017036');
INSERT INTO ELEMENT_HAS_ELEMENT VALUES ('711032','768000','2.47018739353');
INSERT INTO ELEMENT_HAS_ELEMENT VALUES ('711035','768000','2.47018739353');
INSERT INTO ELEMENT_HAS_ELEMENT VALUES ('711040','768000','1.19250425894');
INSERT INTO ELEMENT_HAS_ELEMENT VALUES ('711052','768000','36.5417376491');
INSERT INTO ELEMENT_HAS_ELEMENT VALUES ('512016','768000','1.19250425894');
INSERT INTO ELEMENT_HAS_ELEMENT VALUES ('611001','768000','0.255536626917');
INSERT INTO ELEMENT_HAS_ELEMENT VALUES ('711033','768000','1.19250425894');

INSERT INTO ELEMENT VALUES ('769000','Zupa ziemniaczana zabielana','1.9000','0.5000','6.5000','48.0000','1.6000','0.6000','0.2350','0.8350','28.1437','2','0',null,'0',null,date('now'),null);
INSERT INTO ELEMENT_HAS_CATEGORY VALUES ('769000','300000');
INSERT INTO ELEMENT_HAS_ELEMENT VALUES ('316002','769000','56.6835871404');
INSERT INTO ELEMENT_HAS_ELEMENT VALUES ('711052','769000','35.8714043993');
INSERT INTO ELEMENT_HAS_ELEMENT VALUES ('512016','769000','1.0152284264');
INSERT INTO ELEMENT_HAS_ELEMENT VALUES ('121002','769000','5.07614213198');
INSERT INTO ELEMENT_HAS_ELEMENT VALUES ('611001','769000','1.0152284264');
INSERT INTO ELEMENT_HAS_ELEMENT VALUES ('711033','769000','0.338409475465');

INSERT INTO ELEMENT VALUES ('770000','Żurek','3.2000','3.1000','22.9000','120.0000','2.7000','1.9800','0.3960','2.3760','16.6667','2','0',null,'0',null,date('now'),null);
INSERT INTO ELEMENT_HAS_CATEGORY VALUES ('770000','300000');
INSERT INTO ELEMENT_HAS_ELEMENT VALUES ('611007','770000','17.7404295051');
INSERT INTO ELEMENT_HAS_ELEMENT VALUES ('741001','770000','1.02707749767');
INSERT INTO ELEMENT_HAS_ELEMENT VALUES ('711052','770000','71.4285714286');
INSERT INTO ELEMENT_HAS_ELEMENT VALUES ('711011','770000','0.093370681606');
INSERT INTO ELEMENT_HAS_ELEMENT VALUES ('521003','770000','1.86741363212');
INSERT INTO ELEMENT_HAS_ELEMENT VALUES ('121002','770000','7.46965452848');
INSERT INTO ELEMENT_HAS_ELEMENT VALUES ('711033','770000','0.373482726424');

INSERT INTO ELEMENT VALUES ('771000','Zupa neapolitańska z ementalerem','2.5000','0.5000','8.1000','62.0000','2.2000','0.7600','0.3130','1.0730','29.1705','2','0',null,'0',null,date('now'),null);
INSERT INTO ELEMENT_HAS_CATEGORY VALUES ('771000','300000');
INSERT INTO ELEMENT_HAS_ELEMENT VALUES ('631003','771000','20.6896551724');
INSERT INTO ELEMENT_HAS_ELEMENT VALUES ('141005','771000','13.7931034483');
INSERT INTO ELEMENT_HAS_ELEMENT VALUES ('121002','771000','13.7931034483');
INSERT INTO ELEMENT_HAS_ELEMENT VALUES ('711027','771000','13.7931034483');
INSERT INTO ELEMENT_HAS_ELEMENT VALUES ('711032','771000','8.62068965517');
INSERT INTO ELEMENT_HAS_ELEMENT VALUES ('711040','771000','8.62068965517');
INSERT INTO ELEMENT_HAS_ELEMENT VALUES ('611001','771000','17.2413793103');
INSERT INTO ELEMENT_HAS_ELEMENT VALUES ('512016','771000','3.44827586207');

INSERT INTO ELEMENT VALUES ('772000','Kasza manna na wywarze jarzynowym','0.8000','0.4000','3.4000','21.0000','0.5000','0.3000','0.0920','0.3920','23.4694','2','0',null,'0',null,date('now'),null);
INSERT INTO ELEMENT_HAS_CATEGORY VALUES ('772000','300000');
INSERT INTO ELEMENT_HAS_ELEMENT VALUES ('711027','772000','30.1204819277');
INSERT INTO ELEMENT_HAS_ELEMENT VALUES ('711032','772000','15.0602409639');
INSERT INTO ELEMENT_HAS_ELEMENT VALUES ('711040','772000','15.0602409639');
INSERT INTO ELEMENT_HAS_ELEMENT VALUES ('711035','772000','6.02409638554');
INSERT INTO ELEMENT_HAS_ELEMENT VALUES ('621005','772000','24.0963855422');
INSERT INTO ELEMENT_HAS_ELEMENT VALUES ('521002','772000','6.02409638554');
INSERT INTO ELEMENT_HAS_ELEMENT VALUES ('711033','772000','3.61445783133');

INSERT INTO ELEMENT VALUES ('773000','Kasza jęczmienna na mleku','2.2000','0.4000','8.5000','63.0000','2.6000','0.8100','0.3020','1.1120','27.1583','2','0',null,'0',null,date('now'),null);
INSERT INTO ELEMENT_HAS_CATEGORY VALUES ('773000','300000');
INSERT INTO ELEMENT_HAS_ELEMENT VALUES ('111002','773000','90.0');
INSERT INTO ELEMENT_HAS_ELEMENT VALUES ('621003','773000','10.0');

INSERT INTO ELEMENT VALUES ('774000','Kasza manna na mleku','2.1000','0.2000','9.3000','67.0000','2.7000','0.9100','0.2970','1.2070','24.6065','2','0',null,'0',null,date('now'),null);
INSERT INTO ELEMENT_HAS_CATEGORY VALUES ('774000','300000');
INSERT INTO ELEMENT_HAS_ELEMENT VALUES ('111002','774000','88.8324873096');
INSERT INTO ELEMENT_HAS_ELEMENT VALUES ('621005','774000','10.152284264');
INSERT INTO ELEMENT_HAS_ELEMENT VALUES ('1111001','774000','1.0152284264');

INSERT INTO ELEMENT VALUES ('775000','Kluski lane na mleku','3.1000','0.1000','6.8000','69.0000','3.6000','0.6700','0.4230','1.0930','38.7008','2','0',null,'0',null,date('now'),null);
INSERT INTO ELEMENT_HAS_CATEGORY VALUES ('775000','300000');
INSERT INTO ELEMENT_HAS_ELEMENT VALUES ('111002','775000','92.3076923077');
INSERT INTO ELEMENT_HAS_ELEMENT VALUES ('211001','775000','3.84615384615');
INSERT INTO ELEMENT_HAS_ELEMENT VALUES ('611001','775000','3.84615384615');

INSERT INTO ELEMENT VALUES ('776000','Makaron na mleku','2.2000','0.2000','8.6000','65.0000','2.9000','0.8400','0.3140','1.1540','27.2097','2','0',null,'0',null,date('now'),null);
INSERT INTO ELEMENT_HAS_CATEGORY VALUES ('776000','300000');
INSERT INTO ELEMENT_HAS_ELEMENT VALUES ('111002','776000','90.2255639098');
INSERT INTO ELEMENT_HAS_ELEMENT VALUES ('631003','776000','9.77443609023');

INSERT INTO ELEMENT VALUES ('777000','Płatki owsiane na mleku','2.3000','0.6000','8.2000','62.0000','2.7000','0.7600','0.3150','1.0750','29.3023','2','0',null,'0',null,date('now'),null);
INSERT INTO ELEMENT_HAS_CATEGORY VALUES ('777000','300000');
INSERT INTO ELEMENT_HAS_ELEMENT VALUES ('111002','777000','86.9565217391');
INSERT INTO ELEMENT_HAS_ELEMENT VALUES ('651008','777000','13.0434782609');

INSERT INTO ELEMENT VALUES ('778000','Ryż biały na mleku','2.1000','0.2000','9.1000','66.0000','2.7000','0.8900','0.2970','1.1870','25.0211','2','0',null,'0',null,date('now'),null);
INSERT INTO ELEMENT_HAS_CATEGORY VALUES ('778000','300000');
INSERT INTO ELEMENT_HAS_ELEMENT VALUES ('111002','778000','89.4409937888');
INSERT INTO ELEMENT_HAS_ELEMENT VALUES ('621006','778000','10.5590062112');

INSERT INTO ELEMENT VALUES ('779000','Dorsz w jarzynach','5.2000','1.4000','3.9000','120.0000','15.6000','0.2500','1.0920','1.3420','81.3711','2','0',null,'0',null,date('now'),null);
INSERT INTO ELEMENT_HAS_CATEGORY VALUES ('779000','300001');
INSERT INTO ELEMENT_HAS_ELEMENT VALUES ('411002','779000','60.6796116505');
INSERT INTO ELEMENT_HAS_ELEMENT VALUES ('711027','779000','16.2014563107');
INSERT INTO ELEMENT_HAS_ELEMENT VALUES ('711032','779000','6.06796116505');
INSERT INTO ELEMENT_HAS_ELEMENT VALUES ('711035','779000','4.06553398058');
INSERT INTO ELEMENT_HAS_ELEMENT VALUES ('711040','779000','4.06553398058');
INSERT INTO ELEMENT_HAS_ELEMENT VALUES ('711024','779000','4.06553398058');
INSERT INTO ELEMENT_HAS_ELEMENT VALUES ('512016','779000','4.06553398058');
INSERT INTO ELEMENT_HAS_ELEMENT VALUES ('611001','779000','0.788834951456');

INSERT INTO ELEMENT VALUES ('780000','Dorsz, filety po grecku','10.8000','1.2000','4.6000','152.0000','10.6000','0.3400','1.3960','1.7360','80.4147','2','0',null,'0',null,date('now'),null);
INSERT INTO ELEMENT_HAS_CATEGORY VALUES ('780000','300001');
INSERT INTO ELEMENT_HAS_ELEMENT VALUES ('411002','780000','52.4419535629');
INSERT INTO ELEMENT_HAS_ELEMENT VALUES ('511005','780000','9.28742994396');
INSERT INTO ELEMENT_HAS_ELEMENT VALUES ('611001','780000','2.00160128102');
INSERT INTO ELEMENT_HAS_ELEMENT VALUES ('711027','780000','12.8903122498');
INSERT INTO ELEMENT_HAS_ELEMENT VALUES ('711040','780000','8.56685348279');
INSERT INTO ELEMENT_HAS_ELEMENT VALUES ('711032','780000','4.32345876701');
INSERT INTO ELEMENT_HAS_ELEMENT VALUES ('711007','780000','5.68454763811');
INSERT INTO ELEMENT_HAS_ELEMENT VALUES ('731005','780000','3.20256204964');
INSERT INTO ELEMENT_HAS_ELEMENT VALUES ('711033','780000','1.60128102482');

INSERT INTO ELEMENT VALUES ('781000','Dorsz, filety panierowane, smażone','15.8000','0.9000','14.5000','273.0000','19.2000','1.3600','2.1900','3.5500','61.6901','2','0',null,'0',null,date('now'),null);
INSERT INTO ELEMENT_HAS_CATEGORY VALUES ('781000','300001');
INSERT INTO ELEMENT_HAS_ELEMENT VALUES ('411002','781000','70.0636942675');
INSERT INTO ELEMENT_HAS_ELEMENT VALUES ('611001','781000','3.82165605096');
INSERT INTO ELEMENT_HAS_ELEMENT VALUES ('211001','781000','6.36942675159');
INSERT INTO ELEMENT_HAS_ELEMENT VALUES ('643004','781000','9.55414012739');
INSERT INTO ELEMENT_HAS_ELEMENT VALUES ('511005','781000','10.1910828025');

INSERT INTO ELEMENT VALUES ('782000','Karp w galarecie z warzywami','2.9000','0.9000','2.1000','137.0000','26.1000','0.1200','1.3050','1.4250','91.5789','2','0',null,'0',null,date('now'),null);
INSERT INTO ELEMENT_HAS_CATEGORY VALUES ('782000','300001');
INSERT INTO ELEMENT_HAS_ELEMENT VALUES ('411006','782000','60.9756097561');
INSERT INTO ELEMENT_HAS_ELEMENT VALUES ('711027','782000','7.41869918699');
INSERT INTO ELEMENT_HAS_ELEMENT VALUES ('711032','782000','3.7093495935');
INSERT INTO ELEMENT_HAS_ELEMENT VALUES ('711040','782000','4.26829268293');
INSERT INTO ELEMENT_HAS_ELEMENT VALUES ('711035','782000','2.13414634146');
INSERT INTO ELEMENT_HAS_ELEMENT VALUES ('211002','782000','2.43902439024');
INSERT INTO ELEMENT_HAS_ELEMENT VALUES ('731007','782000','3.55691056911');
INSERT INTO ELEMENT_HAS_ELEMENT VALUES ('211001','782000','3.81097560976');
INSERT INTO ELEMENT_HAS_ELEMENT VALUES ('711039','782000','1.5243902439');
INSERT INTO ELEMENT_HAS_ELEMENT VALUES ('1421006','782000','10.162601626');

INSERT INTO ELEMENT VALUES ('783000','Karp z wody','3.7000','1.0000','2.0000','102.0000','16.0000','0.1000','0.9730','1.0730','90.6803','2','0',null,'0',null,date('now'),null);
INSERT INTO ELEMENT_HAS_CATEGORY VALUES ('783000','300001');
INSERT INTO ELEMENT_HAS_ELEMENT VALUES ('411006','783000','84.3525938423');
INSERT INTO ELEMENT_HAS_ELEMENT VALUES ('711027','783000','6.15773935049');
INSERT INTO ELEMENT_HAS_ELEMENT VALUES ('711040','783000','3.71151412906');
INSERT INTO ELEMENT_HAS_ELEMENT VALUES ('711032','783000','3.07886967524');
INSERT INTO ELEMENT_HAS_ELEMENT VALUES ('711035','783000','1.85575706453');
INSERT INTO ELEMENT_HAS_ELEMENT VALUES ('711033','783000','0.843525938423');

INSERT INTO ELEMENT VALUES ('784000','Dorsz, kotlet mielony, smażony','17.8000','0.7000','10.9000','260.0000','15.0000','1.0200','2.2020','3.2220','68.3426','2','0',null,'0',null,date('now'),null);
INSERT INTO ELEMENT_HAS_CATEGORY VALUES ('784000','300001');
INSERT INTO ELEMENT_HAS_ELEMENT VALUES ('411002','784000','57.6271186441');
INSERT INTO ELEMENT_HAS_ELEMENT VALUES ('211001','784000','3.38983050847');
INSERT INTO ELEMENT_HAS_ELEMENT VALUES ('643003','784000','5.42372881356');
INSERT INTO ELEMENT_HAS_ELEMENT VALUES ('111003','784000','10.1694915254');
INSERT INTO ELEMENT_HAS_ELEMENT VALUES ('711007','784000','5.42372881356');
INSERT INTO ELEMENT_HAS_ELEMENT VALUES ('643004','784000','5.42372881356');
INSERT INTO ELEMENT_HAS_ELEMENT VALUES ('511005','784000','12.5423728814');

INSERT INTO ELEMENT VALUES ('785000','Dorsz, pulpety','2.6000','1.0000','8.7000','112.0000','14.3000','0.7700','0.8060','1.5760','51.1421','2','0',null,'0',null,date('now'),null);
INSERT INTO ELEMENT_HAS_CATEGORY VALUES ('785000','300001');
INSERT INTO ELEMENT_HAS_ELEMENT VALUES ('411002','785000','62.3036649215');
INSERT INTO ELEMENT_HAS_ELEMENT VALUES ('211001','785000','4.63724756918');
INSERT INTO ELEMENT_HAS_ELEMENT VALUES ('643003','785000','6.20792819746');
INSERT INTO ELEMENT_HAS_ELEMENT VALUES ('643004','785000','3.14136125654');
INSERT INTO ELEMENT_HAS_ELEMENT VALUES ('711027','785000','9.349289454');
INSERT INTO ELEMENT_HAS_ELEMENT VALUES ('711032','785000','3.14136125654');
INSERT INTO ELEMENT_HAS_ELEMENT VALUES ('711040','785000','3.14136125654');
INSERT INTO ELEMENT_HAS_ELEMENT VALUES ('711035','785000','6.20792819746');
INSERT INTO ELEMENT_HAS_ELEMENT VALUES ('521002','785000','1.8698578908');

INSERT INTO ELEMENT VALUES ('786000','Dorsz z rusztu','9.1000','0.2000','0.6000','172.0000','22.1000','0.0400','1.7030','1.7430','97.7051','2','0',null,'0',null,date('now'),null);
INSERT INTO ELEMENT_HAS_CATEGORY VALUES ('786000','300001');
INSERT INTO ELEMENT_HAS_ELEMENT VALUES ('411002','786000','87.898089172');
INSERT INTO ELEMENT_HAS_ELEMENT VALUES ('511005','786000','3.1847133758');
INSERT INTO ELEMENT_HAS_ELEMENT VALUES ('521001','786000','3.1847133758');
INSERT INTO ELEMENT_HAS_ELEMENT VALUES ('711033','786000','1.27388535032');
INSERT INTO ELEMENT_HAS_ELEMENT VALUES ('811007','786000','4.45859872611');

INSERT INTO ELEMENT VALUES ('787000','Łosoś sauté, smażony','31.4000','0.1000','4.0000','380.0000','21.2000','0.3900','3.6740','4.0640','90.4035','2','0',null,'0',null,date('now'),null);
INSERT INTO ELEMENT_HAS_CATEGORY VALUES ('787000','300001');
INSERT INTO ELEMENT_HAS_ELEMENT VALUES ('411007','787000','87.3602333495');
INSERT INTO ELEMENT_HAS_ELEMENT VALUES ('511005','787000','7.29217306757');
INSERT INTO ELEMENT_HAS_ELEMENT VALUES ('521001','787000','2.43072435586');
INSERT INTO ELEMENT_HAS_ELEMENT VALUES ('611001','787000','2.91686922703');

INSERT INTO ELEMENT VALUES ('788000','Łosoś z rusztu','22.3000','0.2000','0.6000','283.0000','20.7000','0.0400','2.8350','2.8750','98.6087','2','0',null,'0',null,date('now'),null);
INSERT INTO ELEMENT_HAS_CATEGORY VALUES ('788000','300001');
INSERT INTO ELEMENT_HAS_ELEMENT VALUES ('411007','788000','90.437845999');
INSERT INTO ELEMENT_HAS_ELEMENT VALUES ('511005','788000','2.51635631605');
INSERT INTO ELEMENT_HAS_ELEMENT VALUES ('521001','788000','2.51635631605');
INSERT INTO ELEMENT_HAS_ELEMENT VALUES ('711033','788000','1.00654252642');
INSERT INTO ELEMENT_HAS_ELEMENT VALUES ('811007','788000','3.52289884248');

INSERT INTO ELEMENT VALUES ('789000','Cielęcina w potrawce','4.1000','0.8000','3.9000','104.0000','13.5000','0.3100','0.9090','1.2190','74.5693','2','0',null,'0',null,date('now'),null);
INSERT INTO ELEMENT_HAS_CATEGORY VALUES ('789000','300002');
INSERT INTO ELEMENT_HAS_ELEMENT VALUES ('312002','789000','66.6666666667');
INSERT INTO ELEMENT_HAS_ELEMENT VALUES ('711027','789000','13.3333333333');
INSERT INTO ELEMENT_HAS_ELEMENT VALUES ('711032','789000','6.66666666667');
INSERT INTO ELEMENT_HAS_ELEMENT VALUES ('711040','789000','6.66666666667');
INSERT INTO ELEMENT_HAS_ELEMENT VALUES ('512016','789000','3.33333333333');
INSERT INTO ELEMENT_HAS_ELEMENT VALUES ('611001','789000','3.33333333333');

INSERT INTO ELEMENT VALUES ('790000','Klopsiki cielęce mielone, duszone','14.6000','0.7000','14.2000','250.0000','16.3000','1.3500','1.9660','3.3160','59.2883','2','0',null,'0',null,date('now'),null);
INSERT INTO ELEMENT_HAS_CATEGORY VALUES ('790000','300002');
INSERT INTO ELEMENT_HAS_ELEMENT VALUES ('312002','790000','46.6666666667');
INSERT INTO ELEMENT_HAS_ELEMENT VALUES ('643003','790000','8.66666666667');
INSERT INTO ELEMENT_HAS_ELEMENT VALUES ('111003','790000','26.6666666667');
INSERT INTO ELEMENT_HAS_ELEMENT VALUES ('643004','790000','5.33333333333');
INSERT INTO ELEMENT_HAS_ELEMENT VALUES ('511005','790000','6.66666666667');
INSERT INTO ELEMENT_HAS_ELEMENT VALUES ('521002','790000','2.66666666667');
INSERT INTO ELEMENT_HAS_ELEMENT VALUES ('211001','790000','3.33333333333');

INSERT INTO ELEMENT VALUES ('791000','Kotlet cielęcy panierowany, smażony','21.3000','1.2000','17.4000','364.0000','27.1000','1.6200','3.0010','4.6210','64.9427','2','0',null,'0',null,date('now'),null);
INSERT INTO ELEMENT_HAS_CATEGORY VALUES ('791000','300002');
INSERT INTO ELEMENT_HAS_ELEMENT VALUES ('312001','791000','75.8771929825');
INSERT INTO ELEMENT_HAS_ELEMENT VALUES ('611001','791000','2.19298245614');
INSERT INTO ELEMENT_HAS_ELEMENT VALUES ('211001','791000','4.38596491228');
INSERT INTO ELEMENT_HAS_ELEMENT VALUES ('643004','791000','8.77192982456');
INSERT INTO ELEMENT_HAS_ELEMENT VALUES ('511005','791000','6.57894736842');
INSERT INTO ELEMENT_HAS_ELEMENT VALUES ('521002','791000','2.19298245614');

INSERT INTO ELEMENT VALUES ('792000','Pieczeń cielęca, duszona','11.8000','0.2000','1.7000','192.0000','20.1000','0.1500','1.8660','2.0160','92.5595','2','0',null,'0',null,date('now'),null);
INSERT INTO ELEMENT_HAS_CATEGORY VALUES ('792000','300002');
INSERT INTO ELEMENT_HAS_ELEMENT VALUES ('312001','792000','88.5608856089');
INSERT INTO ELEMENT_HAS_ELEMENT VALUES ('511005','792000','6.15006150062');
INSERT INTO ELEMENT_HAS_ELEMENT VALUES ('711007','792000','2.0295202952');
INSERT INTO ELEMENT_HAS_ELEMENT VALUES ('711027','792000','2.0295202952');
INSERT INTO ELEMENT_HAS_ELEMENT VALUES ('611001','792000','1.23001230012');

INSERT INTO ELEMENT VALUES ('793000','Kotlet mielony z kury, smażony','27.8000','0.6000','14.2000','382.0000','20.0000','1.3600','3.3020','4.6620','70.8280','2','0',null,'0',null,date('now'),null);
INSERT INTO ELEMENT_HAS_CATEGORY VALUES ('793000','300002');
INSERT INTO ELEMENT_HAS_ELEMENT VALUES ('324001','793000','70.0934579439');
INSERT INTO ELEMENT_HAS_ELEMENT VALUES ('211003','793000','1.8691588785');
INSERT INTO ELEMENT_HAS_ELEMENT VALUES ('643003','793000','7.47663551402');
INSERT INTO ELEMENT_HAS_ELEMENT VALUES ('111003','793000','9.34579439252');
INSERT INTO ELEMENT_HAS_ELEMENT VALUES ('643004','793000','3.27102803738');
INSERT INTO ELEMENT_HAS_ELEMENT VALUES ('511005','793000','3.27102803738');
INSERT INTO ELEMENT_HAS_ELEMENT VALUES ('521002','793000','4.67289719626');

INSERT INTO ELEMENT VALUES ('794000','Kura w galarecie','8.8000','0.5000','1.2000','192.0000','27.3000','0.0700','1.8840','1.9540','96.4176','2','0',null,'0',null,date('now'),null);
INSERT INTO ELEMENT_HAS_CATEGORY VALUES ('794000','300002');
INSERT INTO ELEMENT_HAS_ELEMENT VALUES ('324001','794000','68.4931506849');
INSERT INTO ELEMENT_HAS_ELEMENT VALUES ('711027','794000','5.13698630137');
INSERT INTO ELEMENT_HAS_ELEMENT VALUES ('711032','794000','3.42465753425');
INSERT INTO ELEMENT_HAS_ELEMENT VALUES ('711040','794000','3.42465753425');
INSERT INTO ELEMENT_HAS_ELEMENT VALUES ('711007','794000','1.71232876712');
INSERT INTO ELEMENT_HAS_ELEMENT VALUES ('211002','794000','4.1095890411');
INSERT INTO ELEMENT_HAS_ELEMENT VALUES ('1421006','794000','13.698630137');

INSERT INTO ELEMENT VALUES ('795000','Kurczak w jarzynach, gotowany','6.4000','1.7000','4.6000','99.0000','7.6000','0.2900','0.8800','1.1700','75.2137','2','0',null,'0',null,date('now'),null);
INSERT INTO ELEMENT_HAS_CATEGORY VALUES ('795000','300002');
INSERT INTO ELEMENT_HAS_ELEMENT VALUES ('324002','795000','47.7379095164');
INSERT INTO ELEMENT_HAS_ELEMENT VALUES ('711027','795000','19.1107644306');
INSERT INTO ELEMENT_HAS_ELEMENT VALUES ('711032','795000','6.39625585023');
INSERT INTO ELEMENT_HAS_ELEMENT VALUES ('711035','795000','3.19812792512');
INSERT INTO ELEMENT_HAS_ELEMENT VALUES ('711040','795000','3.19812792512');
INSERT INTO ELEMENT_HAS_ELEMENT VALUES ('711015','795000','15.9126365055');
INSERT INTO ELEMENT_HAS_ELEMENT VALUES ('512016','795000','3.19812792512');
INSERT INTO ELEMENT_HAS_ELEMENT VALUES ('611001','795000','1.248049922');

INSERT INTO ELEMENT VALUES ('796000','Kurczęta pieczone','12.7000','0.1000','0.1000','179.0000','16.4000','0.0000','1.7990','1.7990','100.0000','2','0',null,'0',null,date('now'),null);
INSERT INTO ELEMENT_HAS_CATEGORY VALUES ('796000','300002');
INSERT INTO ELEMENT_HAS_ELEMENT VALUES ('324002','796000','95.1776649746');
INSERT INTO ELEMENT_HAS_ELEMENT VALUES ('512016','796000','3.99746192893');
INSERT INTO ELEMENT_HAS_ELEMENT VALUES ('711033','796000','0.824873096447');

INSERT INTO ELEMENT VALUES ('797000','Potrawka z kurczaka','9.0000','1.0000','4.6000','148.0000','13.3000','0.3600','1.3420','1.7020','78.8484','2','0',null,'0',null,date('now'),null);
INSERT INTO ELEMENT_HAS_CATEGORY VALUES ('797000','300002');
INSERT INTO ELEMENT_HAS_ELEMENT VALUES ('324002','797000','72.7848101266');
INSERT INTO ELEMENT_HAS_ELEMENT VALUES ('711027','797000','12.0253164557');
INSERT INTO ELEMENT_HAS_ELEMENT VALUES ('711032','797000','5.06329113924');
INSERT INTO ELEMENT_HAS_ELEMENT VALUES ('711035','797000','2.53164556962');
INSERT INTO ELEMENT_HAS_ELEMENT VALUES ('711040','797000','2.53164556962');
INSERT INTO ELEMENT_HAS_ELEMENT VALUES ('521002','797000','2.53164556962');
INSERT INTO ELEMENT_HAS_ELEMENT VALUES ('611001','797000','2.53164556962');

INSERT INTO ELEMENT VALUES ('798000','Kotlety z kurczaka sauté, smażone','16.5000','0.1000','3.2000','241.0000','20.3000','0.3100','2.2970','2.6070','88.1089','2','0',null,'0',null,date('now'),null);
INSERT INTO ELEMENT_HAS_CATEGORY VALUES ('798000','300002');
INSERT INTO ELEMENT_HAS_ELEMENT VALUES ('324003','798000','81.7238627294');
INSERT INTO ELEMENT_HAS_ELEMENT VALUES ('521001','798000','4.7885075818');
INSERT INTO ELEMENT_HAS_ELEMENT VALUES ('521004','798000','9.6568236233');
INSERT INTO ELEMENT_HAS_ELEMENT VALUES ('611001','798000','3.83080606544');

INSERT INTO ELEMENT VALUES ('799000','Kotlety z kurczaka panierowane, smażone','15.8000','0.6000','7.6000','249.0000','19.8000','0.7000','2.2140','2.9140','75.9780','2','0',null,'0',null,date('now'),null);
INSERT INTO ELEMENT_HAS_CATEGORY VALUES ('799000','300002');
INSERT INTO ELEMENT_HAS_ELEMENT VALUES ('324003','799000','70.6336939722');
INSERT INTO ELEMENT_HAS_ELEMENT VALUES ('211001','799000','8.50077279753');
INSERT INTO ELEMENT_HAS_ELEMENT VALUES ('521001','799000','4.17310664606');
INSERT INTO ELEMENT_HAS_ELEMENT VALUES ('643004','799000','8.34621329212');
INSERT INTO ELEMENT_HAS_ELEMENT VALUES ('521004','799000','8.34621329212');

INSERT INTO ELEMENT VALUES ('800000','Medaliony z indyka, smażone','17.9000','0.1000','3.4000','247.0000','18.6000','0.3300','2.3550','2.6850','87.7095','2','0',null,'0',null,date('now'),null);
INSERT INTO ELEMENT_HAS_CATEGORY VALUES ('800000','300002');
INSERT INTO ELEMENT_HAS_ELEMENT VALUES ('322002','800000','80.7692307692');
INSERT INTO ELEMENT_HAS_ELEMENT VALUES ('521001','800000','3.84615384615');
INSERT INTO ELEMENT_HAS_ELEMENT VALUES ('521004','800000','11.5384615385');
INSERT INTO ELEMENT_HAS_ELEMENT VALUES ('611001','800000','3.84615384615');

INSERT INTO ELEMENT VALUES ('801000','Bitki wieprzowe, duszone','16.1000','0.1000','2.6000','195.0000','10.4000','0.2500','1.8650','2.1150','88.1797','2','0',null,'0',null,date('now'),null);
INSERT INTO ELEMENT_HAS_CATEGORY VALUES ('801000','300002');
INSERT INTO ELEMENT_HAS_ELEMENT VALUES ('314008','801000','92.2077922078');
INSERT INTO ELEMENT_HAS_ELEMENT VALUES ('611001','801000','4.22077922078');
INSERT INTO ELEMENT_HAS_ELEMENT VALUES ('512016','801000','3.57142857143');

INSERT INTO ELEMENT VALUES ('802000','Bitki wieprzowe w jarzynach, duszone','16.1000','0.9000','4.3000','200.0000','10.7000','0.3400','1.8770','2.2170','84.6640','2','0',null,'0',null,date('now'),null);
INSERT INTO ELEMENT_HAS_CATEGORY VALUES ('802000','300002');
INSERT INTO ELEMENT_HAS_ELEMENT VALUES ('314008','802000','68.0511182109');
INSERT INTO ELEMENT_HAS_ELEMENT VALUES ('711027','802000','10.4632587859');
INSERT INTO ELEMENT_HAS_ELEMENT VALUES ('711032','802000','2.6357827476');
INSERT INTO ELEMENT_HAS_ELEMENT VALUES ('711035','802000','2.6357827476');
INSERT INTO ELEMENT_HAS_ELEMENT VALUES ('711040','802000','10.4632587859');
INSERT INTO ELEMENT_HAS_ELEMENT VALUES ('512016','802000','2.6357827476');
INSERT INTO ELEMENT_HAS_ELEMENT VALUES ('611001','802000','3.11501597444');

INSERT INTO ELEMENT VALUES ('803000','Galaretka z nóżek wieprzowych','14.9000','0.4000','0.8000','202.0000','16.9000','0.0400','2.0170','2.0570','98.0554','2','0',null,'0',null,date('now'),null);
INSERT INTO ELEMENT_HAS_CATEGORY VALUES ('803000','300002');
INSERT INTO ELEMENT_HAS_ELEMENT VALUES ('316006','803000','89.7696476965');
INSERT INTO ELEMENT_HAS_ELEMENT VALUES ('711027','803000','4.26829268293');
INSERT INTO ELEMENT_HAS_ELEMENT VALUES ('711032','803000','2.10027100271');
INSERT INTO ELEMENT_HAS_ELEMENT VALUES ('711040','803000','2.57452574526');
INSERT INTO ELEMENT_HAS_ELEMENT VALUES ('711007','803000','1.28726287263');

INSERT INTO ELEMENT VALUES ('804000','Kotlet schabowy panierowany, smażony','24.1000','1.0000','15.9000','351.0000','19.1000','1.4900','2.9330','4.4230','66.3125','2','0',null,'0',null,date('now'),null);
INSERT INTO ELEMENT_HAS_CATEGORY VALUES ('804000','300002');
INSERT INTO ELEMENT_HAS_ELEMENT VALUES ('314010','804000','71.4285714286');
INSERT INTO ELEMENT_HAS_ELEMENT VALUES ('611001','804000','4.57142857143');
INSERT INTO ELEMENT_HAS_ELEMENT VALUES ('211001','804000','5.71428571429');
INSERT INTO ELEMENT_HAS_ELEMENT VALUES ('643004','804000','8.57142857143');
INSERT INTO ELEMENT_HAS_ELEMENT VALUES ('511005','804000','9.71428571429');

INSERT INTO ELEMENT VALUES ('805000','Wieprzowina pieczona','24.1000','0.0000','0.1000','276.0000','15.4000','0.0100','2.7850','2.7950','99.6422','2','0',null,'0',null,date('now'),null);
INSERT INTO ELEMENT_HAS_CATEGORY VALUES ('805000','300002');
INSERT INTO ELEMENT_HAS_ELEMENT VALUES ('314008','805000','96.2962962963');
INSERT INTO ELEMENT_HAS_ELEMENT VALUES ('521002','805000','3.7037037037');

INSERT INTO ELEMENT VALUES ('806000','Pieczeń wieprzowa, duszona','19.8000','0.2000','1.2000','225.0000','11.4000','0.1000','2.2380','2.3380','95.7228','2','0',null,'0',null,date('now'),null);
INSERT INTO ELEMENT_HAS_CATEGORY VALUES ('806000','300002');
INSERT INTO ELEMENT_HAS_ELEMENT VALUES ('314008','806000','85.5855855856');
INSERT INTO ELEMENT_HAS_ELEMENT VALUES ('611001','806000','0.900900900901');
INSERT INTO ELEMENT_HAS_ELEMENT VALUES ('511005','806000','4.5045045045');
INSERT INTO ELEMENT_HAS_ELEMENT VALUES ('711007','806000','9.00900900901');

INSERT INTO ELEMENT VALUES ('807000','Rolada wieprzowa, pieczona','32.6000','0.3000','9.9000','414.0000','21.3000','0.9600','3.7860','4.7460','79.7724','2','0',null,'0',null,date('now'),null);
INSERT INTO ELEMENT_HAS_CATEGORY VALUES ('807000','300002');
INSERT INTO ELEMENT_HAS_ELEMENT VALUES ('314008','807000','82.7814569536');
INSERT INTO ELEMENT_HAS_ELEMENT VALUES ('211001','807000','3.158430973');
INSERT INTO ELEMENT_HAS_ELEMENT VALUES ('643003','807000','9.5771777891');
INSERT INTO ELEMENT_HAS_ELEMENT VALUES ('521002','807000','4.48293428426');

INSERT INTO ELEMENT VALUES ('808000','Schab pieczony','18.7000','0.2000','0.7000','291.0000','30.4000','0.0500','2.8990','2.9490','98.3045','2','0',null,'0',null,date('now'),null);
INSERT INTO ELEMENT_HAS_CATEGORY VALUES ('808000','300002');
INSERT INTO ELEMENT_HAS_ELEMENT VALUES ('314010','808000','96.8992248062');
INSERT INTO ELEMENT_HAS_ELEMENT VALUES ('512016','808000','3.1007751938');

INSERT INTO ELEMENT VALUES ('809000','Stek wieprzowy, smażony','42.7000','0.1000','1.5000','471.0000','21.7000','0.1400','4.7110','4.8510','97.1140','2','0',null,'0',null,date('now'),null);
INSERT INTO ELEMENT_HAS_CATEGORY VALUES ('809000','300002');
INSERT INTO ELEMENT_HAS_ELEMENT VALUES ('314007','809000','91.3242009132');
INSERT INTO ELEMENT_HAS_ELEMENT VALUES ('611001','809000','0.913242009132');
INSERT INTO ELEMENT_HAS_ELEMENT VALUES ('511005','809000','4.56621004566');
INSERT INTO ELEMENT_HAS_ELEMENT VALUES ('711007','809000','0.913242009132');
INSERT INTO ELEMENT_HAS_ELEMENT VALUES ('521002','809000','2.28310502283');

INSERT INTO ELEMENT VALUES ('810000','Wątróbka wieprzowa sauté,smażona','15.8000','0.3000','4.8000','241.0000','20.5000','0.4500','2.2420','2.6920','83.2838','2','0',null,'0',null,date('now'),null);
INSERT INTO ELEMENT_HAS_CATEGORY VALUES ('810000','300002');
INSERT INTO ELEMENT_HAS_ELEMENT VALUES ('316009','810000','74.8299319728');
INSERT INTO ELEMENT_HAS_ELEMENT VALUES ('611001','810000','1.36054421769');
INSERT INTO ELEMENT_HAS_ELEMENT VALUES ('511005','810000','6.80272108844');
INSERT INTO ELEMENT_HAS_ELEMENT VALUES ('711007','810000','13.6054421769');
INSERT INTO ELEMENT_HAS_ELEMENT VALUES ('521002','810000','3.40136054422');

INSERT INTO ELEMENT VALUES ('811000','Wieprzowina, gotowana','29.8000','1.4000','3.1000','362.0000','22.5000','0.1700','3.5820','3.7520','95.4691','2','0',null,'0',null,date('now'),null);
INSERT INTO ELEMENT_HAS_CATEGORY VALUES ('811000','300002');
INSERT INTO ELEMENT_HAS_ELEMENT VALUES ('314008','811000','76.4827018122');
INSERT INTO ELEMENT_HAS_ELEMENT VALUES ('711027','811000','11.7792421746');
INSERT INTO ELEMENT_HAS_ELEMENT VALUES ('711032','811000','5.88962108731');
INSERT INTO ELEMENT_HAS_ELEMENT VALUES ('711035','811000','2.92421746293');
INSERT INTO ELEMENT_HAS_ELEMENT VALUES ('711040','811000','2.92421746293');

INSERT INTO ELEMENT VALUES ('812000','Żeberka wieprzowe, duszone','19.2000','0.2000','2.2000','210.0000','7.9000','0.2000','2.0440','2.2440','91.0873','2','0',null,'0',null,date('now'),null);
INSERT INTO ELEMENT_HAS_CATEGORY VALUES ('812000','300002');
INSERT INTO ELEMENT_HAS_ELEMENT VALUES ('314012','812000','81.0810810811');
INSERT INTO ELEMENT_HAS_ELEMENT VALUES ('611001','812000','2.7027027027');
INSERT INTO ELEMENT_HAS_ELEMENT VALUES ('511005','812000','5.40540540541');
INSERT INTO ELEMENT_HAS_ELEMENT VALUES ('711007','812000','10.8108108108');

INSERT INTO ELEMENT VALUES ('813000','Befsztyk bity wiejski, smażony','19.6000','0.2000','1.6000','258.0000','19.4000','0.1400','2.5400','2.6800','94.7761','2','0',null,'0',null,date('now'),null);
INSERT INTO ELEMENT_HAS_CATEGORY VALUES ('813000','300002');
INSERT INTO ELEMENT_HAS_ELEMENT VALUES ('315010','813000','87.1172122492');
INSERT INTO ELEMENT_HAS_ELEMENT VALUES ('611001','813000','0.686378035903');
INSERT INTO ELEMENT_HAS_ELEMENT VALUES ('511005','813000','3.43189017951');
INSERT INTO ELEMENT_HAS_ELEMENT VALUES ('711007','813000','7.02217529039');
INSERT INTO ELEMENT_HAS_ELEMENT VALUES ('521002','813000','1.74234424498');

INSERT INTO ELEMENT VALUES ('814000','Bitki wołowe, duszone','4.4000','0.1000','2.3000','103.0000','13.6000','0.2200','0.9400','1.1600','81.0345','2','0',null,'0',null,date('now'),null);
INSERT INTO ELEMENT_HAS_CATEGORY VALUES ('814000','300002');
INSERT INTO ELEMENT_HAS_ELEMENT VALUES ('315007','814000','91.6883116883');
INSERT INTO ELEMENT_HAS_ELEMENT VALUES ('611001','814000','4.54545454545');
INSERT INTO ELEMENT_HAS_ELEMENT VALUES ('512016','814000','3.76623376623');

INSERT INTO ELEMENT VALUES ('815000','Bitki wołowe w jarzynach, duszone','4.5000','2.0000','6.6000','117.0000','14.3000','0.4600','0.9770','1.4370','67.9889','2','0',null,'0',null,date('now'),null);
INSERT INTO ELEMENT_HAS_CATEGORY VALUES ('815000','300002');
INSERT INTO ELEMENT_HAS_ELEMENT VALUES ('315007','815000','46.9414893617');
INSERT INTO ELEMENT_HAS_ELEMENT VALUES ('711027','815000','31.25');
INSERT INTO ELEMENT_HAS_ELEMENT VALUES ('711032','815000','11.7021276596');
INSERT INTO ELEMENT_HAS_ELEMENT VALUES ('711035','815000','1.92819148936');
INSERT INTO ELEMENT_HAS_ELEMENT VALUES ('711040','815000','3.92287234043');
INSERT INTO ELEMENT_HAS_ELEMENT VALUES ('512016','815000','1.92819148936');
INSERT INTO ELEMENT_HAS_ELEMENT VALUES ('611001','815000','2.32712765957');

INSERT INTO ELEMENT VALUES ('816000','Boeuf Strogonow, duszony','14.3000','0.2000','3.7000','220.0000','19.6000','0.3500','2.0710','2.4210','85.5432','2','0',null,'0',null,date('now'),null);
INSERT INTO ELEMENT_HAS_CATEGORY VALUES ('816000','300002');
INSERT INTO ELEMENT_HAS_ELEMENT VALUES ('315009','816000','78.6885245902');
INSERT INTO ELEMENT_HAS_ELEMENT VALUES ('611001','816000','2.62295081967');
INSERT INTO ELEMENT_HAS_ELEMENT VALUES ('511005','816000','4.91803278689');
INSERT INTO ELEMENT_HAS_ELEMENT VALUES ('711007','816000','6.55737704918');
INSERT INTO ELEMENT_HAS_ELEMENT VALUES ('731005','816000','0.655737704918');
INSERT INTO ELEMENT_HAS_ELEMENT VALUES ('121003','816000','6.55737704918');

INSERT INTO ELEMENT VALUES ('817000','Bryzol wołowy z polędwicy, smażony','16.6000','0.0000','1.4000','253.0000','24.7000','0.1400','2.4820','2.6220','94.6606','2','0',null,'0',null,date('now'),null);
INSERT INTO ELEMENT_HAS_CATEGORY VALUES ('817000','300002');
INSERT INTO ELEMENT_HAS_ELEMENT VALUES ('315008','817000','88.8157894737');
INSERT INTO ELEMENT_HAS_ELEMENT VALUES ('611001','817000','1.31578947368');
INSERT INTO ELEMENT_HAS_ELEMENT VALUES ('511005','817000','6.57894736842');
INSERT INTO ELEMENT_HAS_ELEMENT VALUES ('521002','817000','3.28947368421');

INSERT INTO ELEMENT VALUES ('818000','Gulasz wołowy, duszony','9.2000','0.3000','2.6000','148.0000','14.1000','0.2300','1.3920','1.6220','85.8200','2','0',null,'0',null,date('now'),null);
INSERT INTO ELEMENT_HAS_CATEGORY VALUES ('818000','300002');
INSERT INTO ELEMENT_HAS_ELEMENT VALUES ('315007','818000','72.7911646586');
INSERT INTO ELEMENT_HAS_ELEMENT VALUES ('611001','818000','2.51004016064');
INSERT INTO ELEMENT_HAS_ELEMENT VALUES ('511005','818000','7.53012048193');
INSERT INTO ELEMENT_HAS_ELEMENT VALUES ('711007','818000','14.0562248996');
INSERT INTO ELEMENT_HAS_ELEMENT VALUES ('711027','818000','1.50602409639');
INSERT INTO ELEMENT_HAS_ELEMENT VALUES ('711032','818000','1.60642570281');

INSERT INTO ELEMENT VALUES ('819000','Polędwica wołowa, pieczona','9.9000','0.0000','0.0000','168.0000','19.7000','0.0000','1.6790','1.6790','100.0000','2','0',null,'0',null,date('now'),null);
INSERT INTO ELEMENT_HAS_CATEGORY VALUES ('819000','300002');
INSERT INTO ELEMENT_HAS_ELEMENT VALUES ('315008','819000','92.3728813559');
INSERT INTO ELEMENT_HAS_ELEMENT VALUES ('512016','819000','7.62711864407');

INSERT INTO ELEMENT VALUES ('820000','Pieczeń wołowa, duszona','9.5000','0.1000','1.9000','156.0000','15.8000','0.1800','1.4870','1.6670','89.2022','2','0',null,'0',null,date('now'),null);
INSERT INTO ELEMENT_HAS_CATEGORY VALUES ('820000','300002');
INSERT INTO ELEMENT_HAS_ELEMENT VALUES ('315007','820000','84.6153846154');
INSERT INTO ELEMENT_HAS_ELEMENT VALUES ('611001','820000','2.5641025641');
INSERT INTO ELEMENT_HAS_ELEMENT VALUES ('511005','820000','7.69230769231');
INSERT INTO ELEMENT_HAS_ELEMENT VALUES ('711007','820000','5.12820512821');

INSERT INTO ELEMENT VALUES ('821000','Sztuka mięsa, gotowana','10.4000','1.3000','3.2000','225.0000','30.8000','0.1900','2.1680','2.3580','91.9423','2','0',null,'0',null,date('now'),null);
INSERT INTO ELEMENT_HAS_CATEGORY VALUES ('821000','300002');
INSERT INTO ELEMENT_HAS_ELEMENT VALUES ('315009','821000','76.2282091918');
INSERT INTO ELEMENT_HAS_ELEMENT VALUES ('711027','821000','5.78446909667');
INSERT INTO ELEMENT_HAS_ELEMENT VALUES ('711032','821000','3.28843106181');
INSERT INTO ELEMENT_HAS_ELEMENT VALUES ('711035','821000','1.66402535658');
INSERT INTO ELEMENT_HAS_ELEMENT VALUES ('711040','821000','3.28843106181');
INSERT INTO ELEMENT_HAS_ELEMENT VALUES ('711021','821000','5.78446909667');
INSERT INTO ELEMENT_HAS_ELEMENT VALUES ('711007','821000','3.96196513471');

INSERT INTO ELEMENT VALUES ('822000','Zrazy wołowe, zawijane ze słoniną','9.4000','0.2000','3.2000','144.0000','12.1000','0.3000','1.3300','1.6300','81.5951','2','0',null,'0',null,date('now'),null);
INSERT INTO ELEMENT_HAS_CATEGORY VALUES ('822000','300002');
INSERT INTO ELEMENT_HAS_ELEMENT VALUES ('315007','822000','72.7164887307');
INSERT INTO ELEMENT_HAS_ELEMENT VALUES ('521003','822000','5.93119810202');
INSERT INTO ELEMENT_HAS_ELEMENT VALUES ('521004','822000','4.74495848161');
INSERT INTO ELEMENT_HAS_ELEMENT VALUES ('611001','822000','4.74495848161');
INSERT INTO ELEMENT_HAS_ELEMENT VALUES ('711007','822000','11.862396204');

INSERT INTO ELEMENT VALUES ('823000','Klopsiki mielone z mięsamieszanego, duszone','17.5000','0.5000','15.7000','272.0000','13.7000','1.5200','2.1230','3.6430','58.2761','2','0',null,'0',null,date('now'),null);
INSERT INTO ELEMENT_HAS_CATEGORY VALUES ('823000','300002');
INSERT INTO ELEMENT_HAS_ELEMENT VALUES ('314008','823000','42.9241594996');
INSERT INTO ELEMENT_HAS_ELEMENT VALUES ('315007','823000','19.5465207193');
INSERT INTO ELEMENT_HAS_ELEMENT VALUES ('211001','823000','3.90930414386');
INSERT INTO ELEMENT_HAS_ELEMENT VALUES ('643003','823000','15.6372165754');
INSERT INTO ELEMENT_HAS_ELEMENT VALUES ('711007','823000','6.25488663018');
INSERT INTO ELEMENT_HAS_ELEMENT VALUES ('731009','823000','1.56372165754');
INSERT INTO ELEMENT_HAS_ELEMENT VALUES ('611001','823000','3.90930414386');
INSERT INTO ELEMENT_HAS_ELEMENT VALUES ('511005','823000','6.25488663018');

INSERT INTO ELEMENT VALUES ('824000','Kotlet mielony z mięsa mieszanego, smażony','21.1000','0.7000','11.7000','285.0000','13.1000','1.1000','2.4230','3.5230','68.7766','2','0',null,'0',null,date('now'),null);
INSERT INTO ELEMENT_HAS_CATEGORY VALUES ('824000','300002');
INSERT INTO ELEMENT_HAS_ELEMENT VALUES ('314008','824000','44.6704637917');
INSERT INTO ELEMENT_HAS_ELEMENT VALUES ('315007','824000','20.3417412531');
INSERT INTO ELEMENT_HAS_ELEMENT VALUES ('211001','824000','4.06834825061');
INSERT INTO ELEMENT_HAS_ELEMENT VALUES ('643003','824000','6.50935720098');
INSERT INTO ELEMENT_HAS_ELEMENT VALUES ('711007','824000','6.50935720098');
INSERT INTO ELEMENT_HAS_ELEMENT VALUES ('731009','824000','1.62733930024');
INSERT INTO ELEMENT_HAS_ELEMENT VALUES ('643004','824000','6.50935720098');
INSERT INTO ELEMENT_HAS_ELEMENT VALUES ('511005','824000','9.76403580146');

INSERT INTO ELEMENT VALUES ('825000','Pasztet z mięsa mieszanego, pieczony','31.1000','0.4000','6.5000','361.0000','15.1000','0.6100','3.4030','4.0130','84.7994','2','0',null,'0',null,date('now'),null);
INSERT INTO ELEMENT_HAS_CATEGORY VALUES ('825000','300002');
INSERT INTO ELEMENT_HAS_ELEMENT VALUES ('312002','825000','20.618556701');
INSERT INTO ELEMENT_HAS_ELEMENT VALUES ('314008','825000','20.9621993127');
INSERT INTO ELEMENT_HAS_ELEMENT VALUES ('316009','825000','13.7457044674');
INSERT INTO ELEMENT_HAS_ELEMENT VALUES ('521003','825000','13.7457044674');
INSERT INTO ELEMENT_HAS_ELEMENT VALUES ('711007','825000','10.3092783505');
INSERT INTO ELEMENT_HAS_ELEMENT VALUES ('521004','825000','6.87285223368');
INSERT INTO ELEMENT_HAS_ELEMENT VALUES ('643003','825000','6.87285223368');
INSERT INTO ELEMENT_HAS_ELEMENT VALUES ('211001','825000','6.87285223368');

INSERT INTO ELEMENT VALUES ('826000','Pieczeń rzymska','11.4000','0.6000','12.5000','208.0000','14.5000','1.1900','1.6060','2.7960','57.4392','2','0',null,'0',null,date('now'),null);
INSERT INTO ELEMENT_HAS_CATEGORY VALUES ('826000','300002');
INSERT INTO ELEMENT_HAS_ELEMENT VALUES ('314008','826000','35.7142857143');
INSERT INTO ELEMENT_HAS_ELEMENT VALUES ('315007','826000','35.7142857143');
INSERT INTO ELEMENT_HAS_ELEMENT VALUES ('211001','826000','5.35714285714');
INSERT INTO ELEMENT_HAS_ELEMENT VALUES ('643003','826000','14.2857142857');
INSERT INTO ELEMENT_HAS_ELEMENT VALUES ('643004','826000','5.35714285714');
INSERT INTO ELEMENT_HAS_ELEMENT VALUES ('512016','826000','3.57142857143');

INSERT INTO ELEMENT VALUES ('827000','Pulpety z mięsa mieszanego, gotowane','11.1000','1.4000','13.3000','223.0000','18.8000','1.1900','1.7510','2.9410','59.5376','2','0',null,'0',null,date('now'),null);
INSERT INTO ELEMENT_HAS_CATEGORY VALUES ('827000','300002');
INSERT INTO ELEMENT_HAS_ELEMENT VALUES ('314008','827000','29.8126064736');
INSERT INTO ELEMENT_HAS_ELEMENT VALUES ('315007','827000','29.8126064736');
INSERT INTO ELEMENT_HAS_ELEMENT VALUES ('211001','827000','4.5428733674');
INSERT INTO ELEMENT_HAS_ELEMENT VALUES ('643003','827000','11.9250425894');
INSERT INTO ELEMENT_HAS_ELEMENT VALUES ('711027','827000','11.9250425894');
INSERT INTO ELEMENT_HAS_ELEMENT VALUES ('711032','827000','5.96252129472');
INSERT INTO ELEMENT_HAS_ELEMENT VALUES ('711035','827000','3.00965360591');
INSERT INTO ELEMENT_HAS_ELEMENT VALUES ('711040','827000','3.00965360591');

INSERT INTO ELEMENT VALUES ('828000','Bigos popularny','9.9000','1.2000','3.8000','119.0000','5.1000','0.2600','1.0950','1.3550','80.8118','2','0',null,'0',null,date('now'),null);
INSERT INTO ELEMENT_HAS_CATEGORY VALUES ('828000','300003');
INSERT INTO ELEMENT_HAS_ELEMENT VALUES ('731004','828000','33.6215177714');
INSERT INTO ELEMENT_HAS_ELEMENT VALUES ('711021','828000','24.0153698367');
INSERT INTO ELEMENT_HAS_ELEMENT VALUES ('314008','828000','17.5792507205');
INSERT INTO ELEMENT_HAS_ELEMENT VALUES ('314005','828000','6.24399615754');
INSERT INTO ELEMENT_HAS_ELEMENT VALUES ('341013','828000','9.60614793468');
INSERT INTO ELEMENT_HAS_ELEMENT VALUES ('711007','828000','3.84245917387');
INSERT INTO ELEMENT_HAS_ELEMENT VALUES ('611001','828000','1.4409221902');
INSERT INTO ELEMENT_HAS_ELEMENT VALUES ('511005','828000','1.4409221902');
INSERT INTO ELEMENT_HAS_ELEMENT VALUES ('512016','828000','1.4409221902');
INSERT INTO ELEMENT_HAS_ELEMENT VALUES ('731005','828000','0.768491834774');

INSERT INTO ELEMENT VALUES ('829000','Fasola po bretońsku','6.6000','3.6000','15.9000','141.0000','8.0000','1.2300','0.9140','2.1440','42.6306','2','0',null,'0',null,date('now'),null);
INSERT INTO ELEMENT_HAS_CATEGORY VALUES ('829000','300003');
INSERT INTO ELEMENT_HAS_ELEMENT VALUES ('711013','829000','44.014084507');
INSERT INTO ELEMENT_HAS_ELEMENT VALUES ('341013','829000','35.2112676056');
INSERT INTO ELEMENT_HAS_ELEMENT VALUES ('711007','829000','5.28169014085');
INSERT INTO ELEMENT_HAS_ELEMENT VALUES ('512016','829000','8.80281690141');
INSERT INTO ELEMENT_HAS_ELEMENT VALUES ('611001','829000','1.76056338028');
INSERT INTO ELEMENT_HAS_ELEMENT VALUES ('731005','829000','3.16901408451');
INSERT INTO ELEMENT_HAS_ELEMENT VALUES ('1111001','829000','1.76056338028');

INSERT INTO ELEMENT VALUES ('830000','Gołąbki z mięsem i ryżem, w sosie pomidorowym','6.7000','1.7000','10.0000','108.0000','3.6000','0.8300','0.7470','1.5770','47.3684','2','0',null,'0',null,date('now'),null);
INSERT INTO ELEMENT_HAS_CATEGORY VALUES ('830000','300003');
INSERT INTO ELEMENT_HAS_ELEMENT VALUES ('711021','830000','51.0638297872');
INSERT INTO ELEMENT_HAS_ELEMENT VALUES ('314008','830000','14.5531914894');
INSERT INTO ELEMENT_HAS_ELEMENT VALUES ('621006','830000','5.95744680851');
INSERT INTO ELEMENT_HAS_ELEMENT VALUES ('711007','830000','5.36170212766');
INSERT INTO ELEMENT_HAS_ELEMENT VALUES ('521004','830000','1.1914893617');
INSERT INTO ELEMENT_HAS_ELEMENT VALUES ('711027','830000','1.78723404255');
INSERT INTO ELEMENT_HAS_ELEMENT VALUES ('711032','830000','1.02127659574');
INSERT INTO ELEMENT_HAS_ELEMENT VALUES ('711040','830000','1.02127659574');
INSERT INTO ELEMENT_HAS_ELEMENT VALUES ('511005','830000','1.1914893617');
INSERT INTO ELEMENT_HAS_ELEMENT VALUES ('611001','830000','0.68085106383');
INSERT INTO ELEMENT_HAS_ELEMENT VALUES ('711034','830000','12.4255319149');
INSERT INTO ELEMENT_HAS_ELEMENT VALUES ('121003','830000','2.55319148936');
INSERT INTO ELEMENT_HAS_ELEMENT VALUES ('521002','830000','1.1914893617');

INSERT INTO ELEMENT VALUES ('831000','Papryka nadziewana mięsem i ryżem','10.0000','1.7000','13.7000','153.0000','3.9000','1.2000','1.0560','2.2560','46.8085','2','0',null,'0',null,date('now'),null);
INSERT INTO ELEMENT_HAS_CATEGORY VALUES ('831000','300003');
INSERT INTO ELEMENT_HAS_ELEMENT VALUES ('711029','831000','43.5729847495');
INSERT INTO ELEMENT_HAS_ELEMENT VALUES ('314008','831000','15.9767610748');
INSERT INTO ELEMENT_HAS_ELEMENT VALUES ('621006','831000','8.71459694989');
INSERT INTO ELEMENT_HAS_ELEMENT VALUES ('711007','831000','7.26216412491');
INSERT INTO ELEMENT_HAS_ELEMENT VALUES ('521004','831000','4.35729847495');
INSERT INTO ELEMENT_HAS_ELEMENT VALUES ('711027','831000','1.59767610748');
INSERT INTO ELEMENT_HAS_ELEMENT VALUES ('711032','831000','0.944081336238');
INSERT INTO ELEMENT_HAS_ELEMENT VALUES ('711040','831000','0.944081336238');
INSERT INTO ELEMENT_HAS_ELEMENT VALUES ('711021','831000','1.59767610748');
INSERT INTO ELEMENT_HAS_ELEMENT VALUES ('711034','831000','11.1111111111');
INSERT INTO ELEMENT_HAS_ELEMENT VALUES ('521002','831000','1.08932461874');
INSERT INTO ELEMENT_HAS_ELEMENT VALUES ('611001','831000','0.653594771242');
INSERT INTO ELEMENT_HAS_ELEMENT VALUES ('121003','831000','2.17864923747');

INSERT INTO ELEMENT VALUES ('832000','Risotto z mięsem i warzywami','10.0000','1.2000','18.3000','185.0000','6.6000','1.7100','1.1640','2.8740','40.5010','2','0',null,'0',null,date('now'),null);
INSERT INTO ELEMENT_HAS_CATEGORY VALUES ('832000','300003');
INSERT INTO ELEMENT_HAS_ELEMENT VALUES ('314008','832000','39.2156862745');
INSERT INTO ELEMENT_HAS_ELEMENT VALUES ('621006','832000','22.5490196078');
INSERT INTO ELEMENT_HAS_ELEMENT VALUES ('711027','832000','16.6666666667');
INSERT INTO ELEMENT_HAS_ELEMENT VALUES ('711032','832000','6.86274509804');
INSERT INTO ELEMENT_HAS_ELEMENT VALUES ('711040','832000','2.94117647059');
INSERT INTO ELEMENT_HAS_ELEMENT VALUES ('111003','832000','6.86274509804');
INSERT INTO ELEMENT_HAS_ELEMENT VALUES ('521002','832000','4.90196078431');

INSERT INTO ELEMENT VALUES ('833000','Mizeria ze śmietaną','2.2000','0.4000','2.8000','33.0000','1.0000','0.2400','0.2380','0.4780','49.7908','2','0',null,'0',null,date('now'),null);
INSERT INTO ELEMENT_HAS_CATEGORY VALUES ('833000','300004');
INSERT INTO ELEMENT_HAS_ELEMENT VALUES ('711028','833000','84.6153846154');
INSERT INTO ELEMENT_HAS_ELEMENT VALUES ('121003','833000','15.3846153846');

INSERT INTO ELEMENT VALUES ('834000','Sałata zielona z pomidorem,ogórkiem i olejem','4.7000','1.0000','3.6000','56.0000','0.9000','0.2600','0.4590','0.7190','63.8387','2','0',null,'0',null,date('now'),null);
INSERT INTO ELEMENT_HAS_CATEGORY VALUES ('834000','300004');
INSERT INTO ELEMENT_HAS_ELEMENT VALUES ('711039','834000','47.619047619');
INSERT INTO ELEMENT_HAS_ELEMENT VALUES ('711034','834000','23.8095238095');
INSERT INTO ELEMENT_HAS_ELEMENT VALUES ('711028','834000','23.8095238095');
INSERT INTO ELEMENT_HAS_ELEMENT VALUES ('511009','834000','3.96825396825');
INSERT INTO ELEMENT_HAS_ELEMENT VALUES ('1111001','834000','0.793650793651');

INSERT INTO ELEMENT VALUES ('835000','Sałata zielona z olejem','11.6000','1.0000','2.1000','111.0000','1.0000','0.1100','1.0840','1.1940','90.7873','2','0',null,'0',null,date('now'),null);
INSERT INTO ELEMENT_HAS_CATEGORY VALUES ('835000','300004');
INSERT INTO ELEMENT_HAS_ELEMENT VALUES ('711039','835000','89.5730706076');
INSERT INTO ELEMENT_HAS_ELEMENT VALUES ('511009','835000','10.4269293924');

INSERT INTO ELEMENT VALUES ('836000','Sałata zielona ze śmietaną','2.3000','0.9000','4.5000','41.0000','1.4000','0.3600','0.2630','0.6230','42.2151','2','0',null,'0',null,date('now'),null);
INSERT INTO ELEMENT_HAS_CATEGORY VALUES ('836000','300004');
INSERT INTO ELEMENT_HAS_ELEMENT VALUES ('711039','836000','81.9672131148');
INSERT INTO ELEMENT_HAS_ELEMENT VALUES ('121003','836000','16.393442623');
INSERT INTO ELEMENT_HAS_ELEMENT VALUES ('1111001','836000','1.6393442623');

INSERT INTO ELEMENT VALUES ('837000','Surówka z cykorii i jabłek','16.4000','0.8000','3.8000','161.0000','1.0000','0.3000','1.5160','1.8160','83.4802','2','0',null,'0',null,date('now'),null);
INSERT INTO ELEMENT_HAS_CATEGORY VALUES ('837000','300004');
INSERT INTO ELEMENT_HAS_ELEMENT VALUES ('711010','837000','64.4122383253');
INSERT INTO ELEMENT_HAS_ELEMENT VALUES ('811013','837000','20.1288244767');
INSERT INTO ELEMENT_HAS_ELEMENT VALUES ('511009','837000','14.1706924316');
INSERT INTO ELEMENT_HAS_ELEMENT VALUES ('211003','837000','1.28824476651');

INSERT INTO ELEMENT VALUES ('838000','Surówka z białej kapusty','4.7000','2.3000','7.0000','67.0000','1.6000','0.4700','0.4870','0.9570','50.8882','2','0',null,'0',null,date('now'),null);
INSERT INTO ELEMENT_HAS_CATEGORY VALUES ('838000','300004');
INSERT INTO ELEMENT_HAS_ELEMENT VALUES ('711021','838000','84.6153846154');
INSERT INTO ELEMENT_HAS_ELEMENT VALUES ('711007','838000','11.5384615385');
INSERT INTO ELEMENT_HAS_ELEMENT VALUES ('511009','838000','3.84615384615');

INSERT INTO ELEMENT VALUES ('839000','Surówka z kwaszonej kapusty','4.7000','1.9000','7.5000','68.0000','0.9000','0.5600','0.4590','1.0190','45.0442','2','0',null,'0',null,date('now'),null);
INSERT INTO ELEMENT_HAS_CATEGORY VALUES ('839000','300004');
INSERT INTO ELEMENT_HAS_ELEMENT VALUES ('731004','839000','63.5593220339');
INSERT INTO ELEMENT_HAS_ELEMENT VALUES ('811013','839000','21.186440678');
INSERT INTO ELEMENT_HAS_ELEMENT VALUES ('711007','839000','8.47457627119');
INSERT INTO ELEMENT_HAS_ELEMENT VALUES ('511009','839000','4.23728813559');
INSERT INTO ELEMENT_HAS_ELEMENT VALUES ('1111001','839000','2.54237288136');

INSERT INTO ELEMENT VALUES ('840000','Surówka z marchwi','2.3000','2.3000','7.7000','47.0000','1.1000','0.5400','0.2510','0.7910','31.7320','2','0',null,'0',null,date('now'),null);
INSERT INTO ELEMENT_HAS_CATEGORY VALUES ('840000','300004');
INSERT INTO ELEMENT_HAS_ELEMENT VALUES ('711027','840000','61.5384615385');
INSERT INTO ELEMENT_HAS_ELEMENT VALUES ('811013','840000','23.0769230769');
INSERT INTO ELEMENT_HAS_ELEMENT VALUES ('121003','840000','15.3846153846');

INSERT INTO ELEMENT VALUES ('841000','Surówka z marchwi i jabłek','0.3000','3.8000','16.6000','59.0000','1.0000','1.2800','0.0670','1.3470','4.9740','2','0',null,'0',null,date('now'),null);
INSERT INTO ELEMENT_HAS_CATEGORY VALUES ('841000','300004');
INSERT INTO ELEMENT_HAS_ELEMENT VALUES ('711027','841000','68.0021367521');
INSERT INTO ELEMENT_HAS_ELEMENT VALUES ('811013','841000','29.1132478632');
INSERT INTO ELEMENT_HAS_ELEMENT VALUES ('1111001','841000','2.88461538462');

INSERT INTO ELEMENT VALUES ('842000','Surówka z ogórków i pomidorów','1.8000','0.7000','3.6000','32.0000','1.1000','0.2900','0.2060','0.4960','41.5323','2','0',null,'0',null,date('now'),null);
INSERT INTO ELEMENT_HAS_CATEGORY VALUES ('842000','300004');
INSERT INTO ELEMENT_HAS_ELEMENT VALUES ('711028','842000','59.2592592593');
INSERT INTO ELEMENT_HAS_ELEMENT VALUES ('711034','842000','18.5185185185');
INSERT INTO ELEMENT_HAS_ELEMENT VALUES ('711007','842000','11.1111111111');
INSERT INTO ELEMENT_HAS_ELEMENT VALUES ('121003','842000','11.1111111111');

INSERT INTO ELEMENT VALUES ('843000','Surówka z owoców','0.3000','1.8000','25.9000','103.0000','0.5000','2.4100','0.0470','2.4570','1.9129','2','0',null,'0',null,date('now'),null);
INSERT INTO ELEMENT_HAS_CATEGORY VALUES ('843000','300004');
INSERT INTO ELEMENT_HAS_ELEMENT VALUES ('811013','843000','35.953520164');
INSERT INTO ELEMENT_HAS_ELEMENT VALUES ('811027','843000','28.7764866712');
INSERT INTO ELEMENT_HAS_ELEMENT VALUES ('811011','843000','21.5994531784');
INSERT INTO ELEMENT_HAS_ELEMENT VALUES ('811007','843000','2.87081339713');
INSERT INTO ELEMENT_HAS_ELEMENT VALUES ('1111001','843000','10.7997265892');

INSERT INTO ELEMENT VALUES ('844000','Surówka z owoców i warzyw','14.3000','1.0000','5.1000','148.0000','1.1000','0.4100','1.3310','1.7410','76.4503','2','0',null,'0',null,date('now'),null);
INSERT INTO ELEMENT_HAS_CATEGORY VALUES ('844000','300004');
INSERT INTO ELEMENT_HAS_ELEMENT VALUES ('711039','844000','34.0406719717');
INSERT INTO ELEMENT_HAS_ELEMENT VALUES ('711034','844000','27.2325375774');
INSERT INTO ELEMENT_HAS_ELEMENT VALUES ('811013','844000','13.6162687887');
INSERT INTO ELEMENT_HAS_ELEMENT VALUES ('811027','844000','6.80813439434');
INSERT INTO ELEMENT_HAS_ELEMENT VALUES ('211001','844000','3.35985853227');
INSERT INTO ELEMENT_HAS_ELEMENT VALUES ('511009','844000','13.6162687887');
INSERT INTO ELEMENT_HAS_ELEMENT VALUES ('1111001','844000','1.32625994695');

INSERT INTO ELEMENT VALUES ('845000','Surówka z papryki','7.5000','1.3000','6.3000','91.0000','1.0000','0.5000','0.7150','1.2150','58.8477','2','0',null,'0',null,date('now'),null);
INSERT INTO ELEMENT_HAS_CATEGORY VALUES ('845000','300004');
INSERT INTO ELEMENT_HAS_ELEMENT VALUES ('711029','845000','40.9836065574');
INSERT INTO ELEMENT_HAS_ELEMENT VALUES ('711028','845000','20.4918032787');
INSERT INTO ELEMENT_HAS_ELEMENT VALUES ('711034','845000','20.4918032787');
INSERT INTO ELEMENT_HAS_ELEMENT VALUES ('711007','845000','8.19672131148');
INSERT INTO ELEMENT_HAS_ELEMENT VALUES ('511009','845000','6.55737704918');
INSERT INTO ELEMENT_HAS_ELEMENT VALUES ('1111001','845000','1.6393442623');
INSERT INTO ELEMENT_HAS_ELEMENT VALUES ('711033','845000','1.6393442623');

INSERT INTO ELEMENT VALUES ('846000','Surówka z pomidorów','0.2000','1.1000','3.2000','14.0000','0.8000','0.2100','0.0500','0.2600','19.2308','2','0',null,'0',null,date('now'),null);
INSERT INTO ELEMENT_HAS_CATEGORY VALUES ('846000','300004');
INSERT INTO ELEMENT_HAS_ELEMENT VALUES ('711034','846000','100.0');

INSERT INTO ELEMENT VALUES ('847000','Surówka z porów z jabłkami','12.5000','2.2000','7.9000','141.0000','1.7000','0.5700','1.1930','1.7630','67.6687','2','0',null,'0',null,date('now'),null);
INSERT INTO ELEMENT_HAS_CATEGORY VALUES ('847000','300004');
INSERT INTO ELEMENT_HAS_ELEMENT VALUES ('711035','847000','72.9288214702');
INSERT INTO ELEMENT_HAS_ELEMENT VALUES ('811013','847000','17.5029171529');
INSERT INTO ELEMENT_HAS_ELEMENT VALUES ('511009','847000','7.70128354726');
INSERT INTO ELEMENT_HAS_ELEMENT VALUES ('211003','847000','0.700116686114');
INSERT INTO ELEMENT_HAS_ELEMENT VALUES ('1111001','847000','1.16686114352');

INSERT INTO ELEMENT VALUES ('848000','Surówka z rzodkiewki','5.9000','0.9000','3.5000','93.0000','7.5000','0.2600','0.8310','1.0910','76.1687','2','0',null,'0',null,date('now'),null);
INSERT INTO ELEMENT_HAS_CATEGORY VALUES ('848000','300004');
INSERT INTO ELEMENT_HAS_ELEMENT VALUES ('711038','848000','41.6666666667');
INSERT INTO ELEMENT_HAS_ELEMENT VALUES ('142005','848000','33.3333333333');
INSERT INTO ELEMENT_HAS_ELEMENT VALUES ('711047','848000','8.33333333333');
INSERT INTO ELEMENT_HAS_ELEMENT VALUES ('121003','848000','16.6666666667');

INSERT INTO ELEMENT VALUES ('849000','Surówka z selerów i jabłek, z olejem','7.5000','3.6000','8.9000','92.0000','1.1000','0.5300','0.7190','1.2490','57.5661','2','0',null,'0',null,date('now'),null);
INSERT INTO ELEMENT_HAS_CATEGORY VALUES ('849000','300004');
INSERT INTO ELEMENT_HAS_ELEMENT VALUES ('711040','849000','77.4193548387');
INSERT INTO ELEMENT_HAS_ELEMENT VALUES ('811013','849000','16.1290322581');
INSERT INTO ELEMENT_HAS_ELEMENT VALUES ('511009','849000','5.16129032258');
INSERT INTO ELEMENT_HAS_ELEMENT VALUES ('1111001','849000','1.29032258065');

INSERT INTO ELEMENT VALUES ('850000','Surówka z selerów, jabłek i marchwi','0.4000','3.5000','16.5000','60.0000','0.9000','1.3000','0.0720','1.3720','5.2478','2','0',null,'0',null,date('now'),null);
INSERT INTO ELEMENT_HAS_CATEGORY VALUES ('850000','300004');
INSERT INTO ELEMENT_HAS_ELEMENT VALUES ('711040','850000','26.5533722783');
INSERT INTO ELEMENT_HAS_ELEMENT VALUES ('711027','850000','17.6845459373');
INSERT INTO ELEMENT_HAS_ELEMENT VALUES ('811013','850000','53.1067445566');
INSERT INTO ELEMENT_HAS_ELEMENT VALUES ('1111001','850000','2.65533722783');

INSERT INTO ELEMENT VALUES ('851000','Surówka z kapusty pekińskiej, z olejem','3.8000','2.1000','5.7000','53.0000','1.1000','0.3600','0.3860','0.7460','51.7426','2','0',null,'0',null,date('now'),null);
INSERT INTO ELEMENT_HAS_CATEGORY VALUES ('851000','300004');
INSERT INTO ELEMENT_HAS_ELEMENT VALUES ('711023','851000','63.4115409004');
INSERT INTO ELEMENT_HAS_ELEMENT VALUES ('711029','851000','7.29232720355');
INSERT INTO ELEMENT_HAS_ELEMENT VALUES ('711030','851000','7.29232720355');
INSERT INTO ELEMENT_HAS_ELEMENT VALUES ('811013','851000','19.5307545973');
INSERT INTO ELEMENT_HAS_ELEMENT VALUES ('511005','851000','2.47305009512');

INSERT INTO ELEMENT VALUES ('852000','Surówka z kapusty pekińskiej z majonezem','8.1000','2.2000','6.0000','94.0000','1.6000','0.3800','0.7930','1.1730','67.6044','2','0',null,'0',null,date('now'),null);
INSERT INTO ELEMENT_HAS_CATEGORY VALUES ('852000','300004');
INSERT INTO ELEMENT_HAS_ELEMENT VALUES ('711023','852000','72.7166957533');
INSERT INTO ELEMENT_HAS_ELEMENT VALUES ('811013','852000','19.3717277487');
INSERT INTO ELEMENT_HAS_ELEMENT VALUES ('511005','852000','4.82838859802');
INSERT INTO ELEMENT_HAS_ELEMENT VALUES ('211001','852000','1.62885398487');
INSERT INTO ELEMENT_HAS_ELEMENT VALUES ('1421004','852000','1.45433391507');

INSERT INTO ELEMENT VALUES ('853000','Surówka wielowarzywna z jogurtem naturalnym','0.6000','1.3000','7.0000','35.0000','1.7000','0.5700','0.1220','0.6920','17.6301','2','0',null,'0',null,date('now'),null);
INSERT INTO ELEMENT_HAS_CATEGORY VALUES ('853000','300004');
INSERT INTO ELEMENT_HAS_ELEMENT VALUES ('711029','853000','20.1612903226');
INSERT INTO ELEMENT_HAS_ELEMENT VALUES ('711030','853000','20.1612903226');
INSERT INTO ELEMENT_HAS_ELEMENT VALUES ('711028','853000','20.1612903226');
INSERT INTO ELEMENT_HAS_ELEMENT VALUES ('711007','853000','8.06451612903');
INSERT INTO ELEMENT_HAS_ELEMENT VALUES ('711034','853000','12.0967741935');
INSERT INTO ELEMENT_HAS_ELEMENT VALUES ('711033','853000','1.61290322581');
INSERT INTO ELEMENT_HAS_ELEMENT VALUES ('131001','853000','16.1290322581');
INSERT INTO ELEMENT_HAS_ELEMENT VALUES ('1111001','853000','1.61290322581');

INSERT INTO ELEMENT VALUES ('854000','Brukselka z wody','7.1000','4.6000','12.0000','110.0000','4.2000','0.7400','0.8070','1.5470','52.1655','2','0',null,'0',null,date('now'),null);
INSERT INTO ELEMENT_HAS_CATEGORY VALUES ('854000','300004');
INSERT INTO ELEMENT_HAS_ELEMENT VALUES ('711005','854000','88.2352941176');
INSERT INTO ELEMENT_HAS_ELEMENT VALUES ('521002','854000','7.35294117647');
INSERT INTO ELEMENT_HAS_ELEMENT VALUES ('643004','854000','2.20588235294');
INSERT INTO ELEMENT_HAS_ELEMENT VALUES ('1111001','854000','2.20588235294');

INSERT INTO ELEMENT VALUES ('855000','Buraki, gotowane','3.5000','1.8000','10.0000','71.0000','1.6000','0.8200','0.3790','1.1990','31.6097','2','0',null,'0',null,date('now'),null);
INSERT INTO ELEMENT_HAS_CATEGORY VALUES ('855000','300004');
INSERT INTO ELEMENT_HAS_ELEMENT VALUES ('711006','855000','93.8547486034');
INSERT INTO ELEMENT_HAS_ELEMENT VALUES ('512016','855000','3.75099760575');
INSERT INTO ELEMENT_HAS_ELEMENT VALUES ('611001','855000','0.957701516361');
INSERT INTO ELEMENT_HAS_ELEMENT VALUES ('1111001','855000','1.43655227454');

INSERT INTO ELEMENT VALUES ('856000','Buraki z jabłkami','3.3000','1.8000','10.3000','70.0000','1.5000','0.8500','0.3570','1.2070','29.5775','2','0',null,'0',null,date('now'),null);
INSERT INTO ELEMENT_HAS_CATEGORY VALUES ('856000','300004');
INSERT INTO ELEMENT_HAS_ELEMENT VALUES ('711006','856000','85.857805255');
INSERT INTO ELEMENT_HAS_ELEMENT VALUES ('811013','856000','8.57805255023');
INSERT INTO ELEMENT_HAS_ELEMENT VALUES ('512016','856000','3.40030911901');
INSERT INTO ELEMENT_HAS_ELEMENT VALUES ('611001','856000','0.850077279753');
INSERT INTO ELEMENT_HAS_ELEMENT VALUES ('1111001','856000','1.31375579598');

INSERT INTO ELEMENT VALUES ('857000','Buraki zasmażane','5.5000','1.7000','8.6000','83.0000','1.6000','0.6900','0.5590','1.2490','44.7558','2','0',null,'0',null,date('now'),null);
INSERT INTO ELEMENT_HAS_CATEGORY VALUES ('857000','300004');
INSERT INTO ELEMENT_HAS_ELEMENT VALUES ('711006','857000','90.1639344262');
INSERT INTO ELEMENT_HAS_ELEMENT VALUES ('521004','857000','4.91803278689');
INSERT INTO ELEMENT_HAS_ELEMENT VALUES ('711007','857000','3.27868852459');
INSERT INTO ELEMENT_HAS_ELEMENT VALUES ('611001','857000','1.6393442623');

INSERT INTO ELEMENT VALUES ('858000','Buraki ze śmietaną','3.4000','1.7000','8.8000','66.0000','1.8000','0.7100','0.3780','1.0880','34.7426','2','0',null,'0',null,date('now'),null);
INSERT INTO ELEMENT_HAS_CATEGORY VALUES ('858000','300004');
INSERT INTO ELEMENT_HAS_ELEMENT VALUES ('711006','858000','86.6141732283');
INSERT INTO ELEMENT_HAS_ELEMENT VALUES ('521002','858000','2.36220472441');
INSERT INTO ELEMENT_HAS_ELEMENT VALUES ('611001','858000','1.57480314961');
INSERT INTO ELEMENT_HAS_ELEMENT VALUES ('121003','858000','9.44881889764');

INSERT INTO ELEMENT VALUES ('859000','Ćwikła','0.1000','2.1000','10.2000','40.0000','1.6000','0.8100','0.0730','0.8830','8.2673','2','0',null,'0',null,date('now'),null);
INSERT INTO ELEMENT_HAS_CATEGORY VALUES ('859000','300004');
INSERT INTO ELEMENT_HAS_ELEMENT VALUES ('711006','859000','92.3076923077');
INSERT INTO ELEMENT_HAS_ELEMENT VALUES ('711008','859000','6.15384615385');
INSERT INTO ELEMENT_HAS_ELEMENT VALUES ('1111001','859000','1.53846153846');

INSERT INTO ELEMENT VALUES ('860000','Dynia z pomidorami','2.4000','2.1000','6.5000','44.0000','1.2000','0.4400','0.2640','0.7040','37.5000','2','0',null,'0',null,date('now'),null);
INSERT INTO ELEMENT_HAS_CATEGORY VALUES ('860000','300004');
INSERT INTO ELEMENT_HAS_ELEMENT VALUES ('711012','860000','72.027972028');
INSERT INTO ELEMENT_HAS_ELEMENT VALUES ('711034','860000','25.4291163382');
INSERT INTO ELEMENT_HAS_ELEMENT VALUES ('521002','860000','2.0979020979');
INSERT INTO ELEMENT_HAS_ELEMENT VALUES ('611001','860000','0.445009535919');

INSERT INTO ELEMENT VALUES ('861000','Fasola szparagowa, gotowana, z masłem','6.9000','4.3000','10.3000','97.0000','2.9000','0.6000','0.7370','1.3370','55.1234','2','0',null,'0',null,date('now'),null);
INSERT INTO ELEMENT_HAS_CATEGORY VALUES ('861000','300004');
INSERT INTO ELEMENT_HAS_ELEMENT VALUES ('711015','861000','90.9090909091');
INSERT INTO ELEMENT_HAS_ELEMENT VALUES ('521002','861000','6.99300699301');
INSERT INTO ELEMENT_HAS_ELEMENT VALUES ('643004','861000','2.0979020979');

INSERT INTO ELEMENT VALUES ('862000','Groszek zielony, gotowany z masłem','6.8000','3.2000','9.3000','100.0000','3.7000','0.6100','0.7600','1.3700','55.4745','2','0',null,'0',null,date('now'),null);
INSERT INTO ELEMENT_HAS_CATEGORY VALUES ('862000','300004');
INSERT INTO ELEMENT_HAS_ELEMENT VALUES ('711017','862000','90.9090909091');
INSERT INTO ELEMENT_HAS_ELEMENT VALUES ('521002','862000','9.09090909091');

INSERT INTO ELEMENT VALUES ('863000','Kalafior, gotowany z masłem','6.8000','1.8000','5.5000','83.0000','2.0000','0.3700','0.6920','1.0620','65.1601','2','0',null,'0',null,date('now'),null);
INSERT INTO ELEMENT_HAS_CATEGORY VALUES ('863000','300004');
INSERT INTO ELEMENT_HAS_ELEMENT VALUES ('711019','863000','90.2255639098');
INSERT INTO ELEMENT_HAS_ELEMENT VALUES ('521002','863000','7.51879699248');
INSERT INTO ELEMENT_HAS_ELEMENT VALUES ('643004','863000','2.25563909774');

INSERT INTO ELEMENT VALUES ('864000','Kapusta biała, gotowana, zasmażana','4.7000','2.0000','7.1000','69.0000','1.6000','0.5100','0.4870','0.9970','48.8465','2','0',null,'0',null,date('now'),null);
INSERT INTO ELEMENT_HAS_CATEGORY VALUES ('864000','300004');
INSERT INTO ELEMENT_HAS_ELEMENT VALUES ('711021','864000','89.2857142857');
INSERT INTO ELEMENT_HAS_ELEMENT VALUES ('521003','864000','5.35714285714');
INSERT INTO ELEMENT_HAS_ELEMENT VALUES ('711007','864000','3.57142857143');
INSERT INTO ELEMENT_HAS_ELEMENT VALUES ('611001','864000','1.78571428571');

INSERT INTO ELEMENT VALUES ('865000','Marchewka z groszkiem, gotowana','3.1000','3.4000','10.7000','64.0000','1.7000','0.7300','0.3470','1.0770','32.2191','2','0',null,'0',null,date('now'),null);
INSERT INTO ELEMENT_HAS_CATEGORY VALUES ('865000','300004');
INSERT INTO ELEMENT_HAS_ELEMENT VALUES ('711027','865000','77.7777777778');
INSERT INTO ELEMENT_HAS_ELEMENT VALUES ('731003','865000','16.6666666667');
INSERT INTO ELEMENT_HAS_ELEMENT VALUES ('512016','865000','3.30112721417');
INSERT INTO ELEMENT_HAS_ELEMENT VALUES ('611001','865000','1.12721417069');
INSERT INTO ELEMENT_HAS_ELEMENT VALUES ('1111001','865000','1.12721417069');

INSERT INTO ELEMENT VALUES ('866000','Marchewka, gotowana, zasmażana','4.8000','2.9000','8.4000','69.0000','1.1000','0.5500','0.4760','1.0260','46.3938','2','0',null,'0',null,date('now'),null);
INSERT INTO ELEMENT_HAS_CATEGORY VALUES ('866000','300004');
INSERT INTO ELEMENT_HAS_ELEMENT VALUES ('711027','866000','93.023255814');
INSERT INTO ELEMENT_HAS_ELEMENT VALUES ('521002','866000','5.42635658915');
INSERT INTO ELEMENT_HAS_ELEMENT VALUES ('611001','866000','1.5503875969');

INSERT INTO ELEMENT VALUES ('867000','Sałatka jarzynowa z warzyw gotowanych, z majonezem','16.5000','2.5000','10.9000','192.0000','2.9000','0.8400','1.6010','2.4410','65.5879','2','0',null,'0',null,date('now'),null);
INSERT INTO ELEMENT_HAS_CATEGORY VALUES ('867000','300004');
INSERT INTO ELEMENT_HAS_ELEMENT VALUES ('711027','867000','10.4838709677');
INSERT INTO ELEMENT_HAS_ELEMENT VALUES ('711032','867000','5.24193548387');
INSERT INTO ELEMENT_HAS_ELEMENT VALUES ('711040','867000','6.35080645161');
INSERT INTO ELEMENT_HAS_ELEMENT VALUES ('711052','867000','25.2016129032');
INSERT INTO ELEMENT_HAS_ELEMENT VALUES ('711007','867000','13.2056451613');
INSERT INTO ELEMENT_HAS_ELEMENT VALUES ('711013','867000','10.0806451613');
INSERT INTO ELEMENT_HAS_ELEMENT VALUES ('731007','867000','10.0806451613');
INSERT INTO ELEMENT_HAS_ELEMENT VALUES ('211003','867000','1.61290322581');
INSERT INTO ELEMENT_HAS_ELEMENT VALUES ('511009','867000','17.7419354839');

INSERT INTO ELEMENT VALUES ('868000','Sałatka z groszku zielonego','13.1000','3.7000','10.4000','159.0000','4.0000','0.6700','1.3390','2.0090','66.6501','2','0',null,'0',null,date('now'),null);
INSERT INTO ELEMENT_HAS_CATEGORY VALUES ('868000','300004');
INSERT INTO ELEMENT_HAS_ELEMENT VALUES ('731003','868000','52.4475524476');
INSERT INTO ELEMENT_HAS_ELEMENT VALUES ('711040','868000','13.1118881119');
INSERT INTO ELEMENT_HAS_ELEMENT VALUES ('811013','868000','13.1118881119');
INSERT INTO ELEMENT_HAS_ELEMENT VALUES ('511009','868000','11.5384615385');
INSERT INTO ELEMENT_HAS_ELEMENT VALUES ('211001','868000','8.74125874126');
INSERT INTO ELEMENT_HAS_ELEMENT VALUES ('211003','868000','1.04895104895');

INSERT INTO ELEMENT VALUES ('869000','Sałatka z czerwonej kapusty','6.5000','2.1000','7.0000','83.0000','1.4000','0.4900','0.6410','1.1310','56.6755','2','0',null,'0',null,date('now'),null);
INSERT INTO ELEMENT_HAS_CATEGORY VALUES ('869000','300004');
INSERT INTO ELEMENT_HAS_ELEMENT VALUES ('711022','869000','69.3430656934');
INSERT INTO ELEMENT_HAS_ELEMENT VALUES ('811013','869000','18.2481751825');
INSERT INTO ELEMENT_HAS_ELEMENT VALUES ('711007','869000','7.29927007299');
INSERT INTO ELEMENT_HAS_ELEMENT VALUES ('511009','869000','5.10948905109');

INSERT INTO ELEMENT VALUES ('870000','Szpinak, gotowany, zasmażany','6.1000','2.9000','6.2000','83.0000','3.8000','0.3300','0.7010','1.0310','67.9922','2','0',null,'0',null,date('now'),null);
INSERT INTO ELEMENT_HAS_CATEGORY VALUES ('870000','300004');
INSERT INTO ELEMENT_HAS_ELEMENT VALUES ('711049','870000','82.8729281768');
INSERT INTO ELEMENT_HAS_ELEMENT VALUES ('521002','870000','4.41988950276');
INSERT INTO ELEMENT_HAS_ELEMENT VALUES ('611001','870000','1.65745856354');
INSERT INTO ELEMENT_HAS_ELEMENT VALUES ('111003','870000','11.0497237569');

INSERT INTO ELEMENT VALUES ('872000','Pieczarki smażone','24.3000','2.4000','3.3000','232.0000','3.4000','0.0900','2.3230','2.4130','96.2702','2','0',null,'0',null,date('now'),null);
INSERT INTO ELEMENT_HAS_CATEGORY VALUES ('872000','300004');
INSERT INTO ELEMENT_HAS_ELEMENT VALUES ('741001','872000','83.3333333333');
INSERT INTO ELEMENT_HAS_ELEMENT VALUES ('521001','872000','11.1111111111');
INSERT INTO ELEMENT_HAS_ELEMENT VALUES ('521004','872000','5.55555555556');

INSERT INTO ELEMENT VALUES ('873000','Bliny ziemniaczane','16.3000','1.4000','23.4000','257.0000','5.7000','2.2000','1.6950','3.8950','43.5173','2','0',null,'0',null,date('now'),null);
INSERT INTO ELEMENT_HAS_CATEGORY VALUES ('873000','300005');
INSERT INTO ELEMENT_HAS_ELEMENT VALUES ('711052','873000','46.4480874317');
INSERT INTO ELEMENT_HAS_ELEMENT VALUES ('211001','873000','9.28961748634');
INSERT INTO ELEMENT_HAS_ELEMENT VALUES ('111003','873000','16.9398907104');
INSERT INTO ELEMENT_HAS_ELEMENT VALUES ('643003','873000','9.28961748634');
INSERT INTO ELEMENT_HAS_ELEMENT VALUES ('1311001','873000','1.6393442623');
INSERT INTO ELEMENT_HAS_ELEMENT VALUES ('1111001','873000','0.819672131148');
INSERT INTO ELEMENT_HAS_ELEMENT VALUES ('521004','873000','7.65027322404');
INSERT INTO ELEMENT_HAS_ELEMENT VALUES ('121003','873000','7.92349726776');

INSERT INTO ELEMENT VALUES ('874000','Budyń z mięsa i makaronu','4.4000','1.0000','23.0000','172.0000','10.7000','2.2000','0.8240','3.0240','27.2487','2','0',null,'0',null,date('now'),null);
INSERT INTO ELEMENT_HAS_CATEGORY VALUES ('874000','300005');
INSERT INTO ELEMENT_HAS_ELEMENT VALUES ('312001','874000','33.8602329451');
INSERT INTO ELEMENT_HAS_ELEMENT VALUES ('631003','874000','21.5474209651');
INSERT INTO ELEMENT_HAS_ELEMENT VALUES ('711027','874000','4.65890183028');
INSERT INTO ELEMENT_HAS_ELEMENT VALUES ('711032','874000','3.07820299501');
INSERT INTO ELEMENT_HAS_ELEMENT VALUES ('711035','874000','1.49750415973');
INSERT INTO ELEMENT_HAS_ELEMENT VALUES ('521002','874000','1.49750415973');
INSERT INTO ELEMENT_HAS_ELEMENT VALUES ('512016','874000','0.582362728785');
INSERT INTO ELEMENT_HAS_ELEMENT VALUES ('611001','874000','3.07820299501');
INSERT INTO ELEMENT_HAS_ELEMENT VALUES ('211001','874000','7.73710482529');
INSERT INTO ELEMENT_HAS_ELEMENT VALUES ('111003','874000','21.5474209651');
INSERT INTO ELEMENT_HAS_ELEMENT VALUES ('643004','874000','0.915141430948');

INSERT INTO ELEMENT VALUES ('875000','Kasza gryczana na sypko,z tłuszczem roślinnym','2.3000','2.1000','25.0000','132.0000','4.5000','2.2900','0.3870','2.6770','14.4565','2','0',null,'0',null,date('now'),null);
INSERT INTO ELEMENT_HAS_CATEGORY VALUES ('875000','300005');
INSERT INTO ELEMENT_HAS_ELEMENT VALUES ('621001','875000','95.9232613909');
INSERT INTO ELEMENT_HAS_ELEMENT VALUES ('512016','875000','4.07673860911');

INSERT INTO ELEMENT VALUES ('876000','Kasza gryczana na sypko, zesmalcem','2.9000','2.1000','25.0000','138.0000','4.8000','2.2900','0.4530','2.7430','16.5148','2','0',null,'0',null,date('now'),null);
INSERT INTO ELEMENT_HAS_CATEGORY VALUES ('876000','300005');
INSERT INTO ELEMENT_HAS_ELEMENT VALUES ('621001','876000','88.8888888889');
INSERT INTO ELEMENT_HAS_ELEMENT VALUES ('211002','876000','6.66666666667');
INSERT INTO ELEMENT_HAS_ELEMENT VALUES ('521004','876000','4.44444444444');

INSERT INTO ELEMENT VALUES ('877000','Kasza perłowa na sypko,z tłuszczem roślinnym','2.0000','2.0000','23.6000','114.0000','2.2000','2.1600','0.2680','2.4280','11.0379','2','0',null,'0',null,date('now'),null);
INSERT INTO ELEMENT_HAS_CATEGORY VALUES ('877000','300005');
INSERT INTO ELEMENT_HAS_ELEMENT VALUES ('621003','877000','94.5945945946');
INSERT INTO ELEMENT_HAS_ELEMENT VALUES ('512016','877000','5.40540540541');

INSERT INTO ELEMENT VALUES ('878000','Kasza perłowa na sypko, zesmalcem','2.5000','2.0000','23.6000','119.0000','2.2000','2.1600','0.3130','2.4730','12.6567','2','0',null,'0',null,date('now'),null);
INSERT INTO ELEMENT_HAS_CATEGORY VALUES ('878000','300005');
INSERT INTO ELEMENT_HAS_ELEMENT VALUES ('621003','878000','94.5945945946');
INSERT INTO ELEMENT_HAS_ELEMENT VALUES ('521004','878000','5.40540540541');

INSERT INTO ELEMENT VALUES ('879000','Kluski kładzione','1.3000','1.0000','33.3000','165.0000','5.5000','3.2300','0.3370','3.5670','9.4477','2','0',null,'0',null,date('now'),null);
INSERT INTO ELEMENT_HAS_CATEGORY VALUES ('879000','300005');
INSERT INTO ELEMENT_HAS_ELEMENT VALUES ('611001','879000','83.3333333333');
INSERT INTO ELEMENT_HAS_ELEMENT VALUES ('211001','879000','16.6666666667');

INSERT INTO ELEMENT VALUES ('880000','Kluski lane','2.0000','0.5000','14.8000','93.0000','4.3000','1.4300','0.3520','1.7820','19.7531','2','0',null,'0',null,date('now'),null);
INSERT INTO ELEMENT_HAS_CATEGORY VALUES ('880000','300005');
INSERT INTO ELEMENT_HAS_ELEMENT VALUES ('611001','880000','49.4382022472');
INSERT INTO ELEMENT_HAS_ELEMENT VALUES ('211001','880000','50.5617977528');

INSERT INTO ELEMENT VALUES ('881000','Knedle ze śliwkami','5.9000','1.4000','25.7000','162.0000','2.8000','2.4300','0.6430','3.0730','20.9242','2','0',null,'0',null,date('now'),null);
INSERT INTO ELEMENT_HAS_CATEGORY VALUES ('881000','300005');
INSERT INTO ELEMENT_HAS_ELEMENT VALUES ('711052','881000','45.0406504065');
INSERT INTO ELEMENT_HAS_ELEMENT VALUES ('211001','881000','3.0081300813');
INSERT INTO ELEMENT_HAS_ELEMENT VALUES ('731009','881000','0.894308943089');
INSERT INTO ELEMENT_HAS_ELEMENT VALUES ('611001','881000','12.0325203252');
INSERT INTO ELEMENT_HAS_ELEMENT VALUES ('811027','881000','28.4552845528');
INSERT INTO ELEMENT_HAS_ELEMENT VALUES ('521002','881000','6.50406504065');
INSERT INTO ELEMENT_HAS_ELEMENT VALUES ('643004','881000','0.813008130081');
INSERT INTO ELEMENT_HAS_ELEMENT VALUES ('1111001','881000','3.25203252033');

INSERT INTO ELEMENT VALUES ('882000','Kopytka','0.7000','1.6000','32.1000','147.0000','4.2000','3.0500','0.2310','3.2810','7.0405','2','0',null,'0',null,date('now'),null);
INSERT INTO ELEMENT_HAS_CATEGORY VALUES ('882000','300005');
INSERT INTO ELEMENT_HAS_ELEMENT VALUES ('711052','882000','74.9063670412');
INSERT INTO ELEMENT_HAS_ELEMENT VALUES ('211001','882000','3.74531835206');
INSERT INTO ELEMENT_HAS_ELEMENT VALUES ('611001','882000','19.4756554307');
INSERT INTO ELEMENT_HAS_ELEMENT VALUES ('731009','882000','1.87265917603');

INSERT INTO ELEMENT VALUES ('883000','Kopytka z masłem','1.5000','1.6000','31.6000','151.0000','3.8000','3.0000','0.2870','3.2870','8.7314','2','0',null,'0',null,date('now'),null);
INSERT INTO ELEMENT_HAS_CATEGORY VALUES ('883000','300005');
INSERT INTO ELEMENT_HAS_ELEMENT VALUES ('711052','883000','75.3510140406');
INSERT INTO ELEMENT_HAS_ELEMENT VALUES ('211001','883000','1.248049922');
INSERT INTO ELEMENT_HAS_ELEMENT VALUES ('611001','883000','20.1248049922');
INSERT INTO ELEMENT_HAS_ELEMENT VALUES ('731009','883000','2.02808112324');
INSERT INTO ELEMENT_HAS_ELEMENT VALUES ('521002','883000','1.248049922');

INSERT INTO ELEMENT VALUES ('884000','Kulebiak','12.7000','0.7000','19.9000','222.0000','7.8000','1.9200','1.4550','3.3750','43.1111','2','0',null,'0',null,date('now'),null);
INSERT INTO ELEMENT_HAS_CATEGORY VALUES ('884000','300005');
INSERT INTO ELEMENT_HAS_ELEMENT VALUES ('314008','884000','36.3140676118');
INSERT INTO ELEMENT_HAS_ELEMENT VALUES ('611001','884000','29.4438386041');
INSERT INTO ELEMENT_HAS_ELEMENT VALUES ('211001','884000','7.74263904035');
INSERT INTO ELEMENT_HAS_ELEMENT VALUES ('111003','884000','14.8309705562');
INSERT INTO ELEMENT_HAS_ELEMENT VALUES ('1311001','884000','2.94438386041');
INSERT INTO ELEMENT_HAS_ELEMENT VALUES ('511005','884000','7.30643402399');
INSERT INTO ELEMENT_HAS_ELEMENT VALUES ('1111001','884000','1.09051254089');
INSERT INTO ELEMENT_HAS_ELEMENT VALUES ('512016','884000','0.327153762268');

INSERT INTO ELEMENT VALUES ('885000','Leniwe pierogi z sera twarogowegoi ziemniaków','10.1000','0.7000','20.0000','220.0000','12.9000','1.9300','1.4250','3.3550','42.4739','2','0',null,'0',null,date('now'),null);
INSERT INTO ELEMENT_HAS_CATEGORY VALUES ('885000','300005');
INSERT INTO ELEMENT_HAS_ELEMENT VALUES ('142005','885000','54.215851602');
INSERT INTO ELEMENT_HAS_ELEMENT VALUES ('211001','885000','4.55311973019');
INSERT INTO ELEMENT_HAS_ELEMENT VALUES ('611001','885000','15.0084317032');
INSERT INTO ELEMENT_HAS_ELEMENT VALUES ('711052','885000','18.0438448567');
INSERT INTO ELEMENT_HAS_ELEMENT VALUES ('731009','885000','1.51770657673');
INSERT INTO ELEMENT_HAS_ELEMENT VALUES ('521002','885000','4.55311973019');
INSERT INTO ELEMENT_HAS_ELEMENT VALUES ('643004','885000','1.51770657673');
INSERT INTO ELEMENT_HAS_ELEMENT VALUES ('1111001','885000','0.590219224283');

INSERT INTO ELEMENT VALUES ('886000','Leniwe pierogi z sera twarogowego','13.9000','0.3000','15.0000','242.0000','14.6000','1.4700','1.8350','3.3050','55.5219','2','0',null,'0',null,date('now'),null);
INSERT INTO ELEMENT_HAS_CATEGORY VALUES ('886000','300005');
INSERT INTO ELEMENT_HAS_ELEMENT VALUES ('142005','886000','65.2173913043');
INSERT INTO ELEMENT_HAS_ELEMENT VALUES ('211001','886000','13.0434782609');
INSERT INTO ELEMENT_HAS_ELEMENT VALUES ('611001','886000','8.69565217391');
INSERT INTO ELEMENT_HAS_ELEMENT VALUES ('512016','886000','6.95652173913');
INSERT INTO ELEMENT_HAS_ELEMENT VALUES ('643004','886000','1.73913043478');
INSERT INTO ELEMENT_HAS_ELEMENT VALUES ('1111001','886000','4.34782608696');

INSERT INTO ELEMENT VALUES ('887000','Makaron gotowany, z masłem','1.8000','0.8000','24.2000','126.0000','3.8000','2.3400','0.3140','2.6540','11.8312','2','0',null,'0',null,date('now'),null);
INSERT INTO ELEMENT_HAS_CATEGORY VALUES ('887000','300005');
INSERT INTO ELEMENT_HAS_ELEMENT VALUES ('631003','887000','95.8904109589');
INSERT INTO ELEMENT_HAS_ELEMENT VALUES ('521002','887000','4.1095890411');

INSERT INTO ELEMENT VALUES ('888000','Makaron gotowany','0.7000','0.7000','22.1000','108.0000','3.5000','2.1400','0.2030','2.3430','8.6641','2','0',null,'0',null,date('now'),null);
INSERT INTO ELEMENT_HAS_CATEGORY VALUES ('888000','300005');
INSERT INTO ELEMENT_HAS_ELEMENT VALUES ('631003','888000','100.0');

INSERT INTO ELEMENT VALUES ('889000','Makaron gotowany, z seremtwarogowym i masłem','5.2000','0.5000','17.3000','141.0000','6.5000','1.6800','0.7280','2.4080','30.2326','2','0',null,'0',null,date('now'),null);
INSERT INTO ELEMENT_HAS_CATEGORY VALUES ('889000','300005');
INSERT INTO ELEMENT_HAS_ELEMENT VALUES ('611001','889000','44.4244604317');
INSERT INTO ELEMENT_HAS_ELEMENT VALUES ('211001','889000','4.4964028777');
INSERT INTO ELEMENT_HAS_ELEMENT VALUES ('142005','889000','44.4244604317');
INSERT INTO ELEMENT_HAS_ELEMENT VALUES ('521002','889000','6.65467625899');

INSERT INTO ELEMENT VALUES ('890000','Naleśniki z kapustą','9.2000','2.2000','15.1000','147.0000','3.3000','1.2900','0.9600','2.2500','42.6667','2','0',null,'0',null,date('now'),null);
INSERT INTO ELEMENT_HAS_CATEGORY VALUES ('890000','300005');
INSERT INTO ELEMENT_HAS_ELEMENT VALUES ('611001','890000','9.05923344948');
INSERT INTO ELEMENT_HAS_ELEMENT VALUES ('211001','890000','2.99651567944');
INSERT INTO ELEMENT_HAS_ELEMENT VALUES ('111003','890000','8.50174216028');
INSERT INTO ELEMENT_HAS_ELEMENT VALUES ('521003','890000','0.557491289199');
INSERT INTO ELEMENT_HAS_ELEMENT VALUES ('711021','890000','66.8989547038');
INSERT INTO ELEMENT_HAS_ELEMENT VALUES ('521004','890000','5.99303135889');
INSERT INTO ELEMENT_HAS_ELEMENT VALUES ('711007','890000','5.99303135889');

INSERT INTO ELEMENT VALUES ('891000','Naleśniki z serem twarogowym','10.3000','0.4000','27.3000','242.0000','10.2000','2.6900','1.3350','4.0250','33.1677','2','0',null,'0',null,date('now'),null);
INSERT INTO ELEMENT_HAS_CATEGORY VALUES ('891000','300005');
INSERT INTO ELEMENT_HAS_ELEMENT VALUES ('611001','891000','15.5693950178');
INSERT INTO ELEMENT_HAS_ELEMENT VALUES ('211001','891000','13.3451957295');
INSERT INTO ELEMENT_HAS_ELEMENT VALUES ('111003','891000','14.6797153025');
INSERT INTO ELEMENT_HAS_ELEMENT VALUES ('142005','891000','36.6548042705');
INSERT INTO ELEMENT_HAS_ELEMENT VALUES ('1111001','891000','13.3451957295');
INSERT INTO ELEMENT_HAS_ELEMENT VALUES ('521002','891000','5.33807829181');
INSERT INTO ELEMENT_HAS_ELEMENT VALUES ('521003','891000','1.06761565836');

INSERT INTO ELEMENT VALUES ('892000','Pierogi ruskie','5.0000','1.1000','25.5000','167.0000','5.9000','2.4400','0.6860','3.1260','21.9450','2','0',null,'0',null,date('now'),null);
INSERT INTO ELEMENT_HAS_CATEGORY VALUES ('892000','300005');
INSERT INTO ELEMENT_HAS_ELEMENT VALUES ('711052','892000','53.6771728749');
INSERT INTO ELEMENT_HAS_ELEMENT VALUES ('211001','892000','1.52817574021');
INSERT INTO ELEMENT_HAS_ELEMENT VALUES ('611001','892000','25.405921681');
INSERT INTO ELEMENT_HAS_ELEMENT VALUES ('142005','892000','14.899713467');
INSERT INTO ELEMENT_HAS_ELEMENT VALUES ('521002','892000','4.48901623687');

INSERT INTO ELEMENT VALUES ('893000','Pierogi z mięsem','10.1000','0.6000','17.1000','205.0000','11.9000','1.6500','1.3850','3.0350','45.6343','2','0',null,'0',null,date('now'),null);
INSERT INTO ELEMENT_HAS_CATEGORY VALUES ('893000','300005');
INSERT INTO ELEMENT_HAS_ELEMENT VALUES ('611001','893000','27.2923408846');
INSERT INTO ELEMENT_HAS_ELEMENT VALUES ('211001','893000','7.33549083064');
INSERT INTO ELEMENT_HAS_ELEMENT VALUES ('315007','893000','49.622437972');
INSERT INTO ELEMENT_HAS_ELEMENT VALUES ('711007','893000','5.07011866235');
INSERT INTO ELEMENT_HAS_ELEMENT VALUES ('511005','893000','2.04962243797');
INSERT INTO ELEMENT_HAS_ELEMENT VALUES ('521003','893000','8.62998921251');

INSERT INTO ELEMENT VALUES ('894000','Pierogi z serem twarogowym','9.9000','0.5000','26.6000','239.0000','11.1000','2.6100','1.3350','3.9450','33.8403','2','0',null,'0',null,date('now'),null);
INSERT INTO ELEMENT_HAS_CATEGORY VALUES ('894000','300005');
INSERT INTO ELEMENT_HAS_ELEMENT VALUES ('611001','894000','26.3267429761');
INSERT INTO ELEMENT_HAS_ELEMENT VALUES ('211001','894000','1.87304890739');
INSERT INTO ELEMENT_HAS_ELEMENT VALUES ('142005','894000','52.0291363163');
INSERT INTO ELEMENT_HAS_ELEMENT VALUES ('211003','894000','4.16233090531');
INSERT INTO ELEMENT_HAS_ELEMENT VALUES ('521002','894000','6.24349635796');
INSERT INTO ELEMENT_HAS_ELEMENT VALUES ('1111001','894000','9.36524453694');

INSERT INTO ELEMENT VALUES ('895000','Pierogi z truskawkami','11.4000','1.7000','32.1000','241.0000','4.1000','3.0400','1.1900','4.2300','28.1324','2','0',null,'0',null,date('now'),null);
INSERT INTO ELEMENT_HAS_CATEGORY VALUES ('895000','300005');
INSERT INTO ELEMENT_HAS_ELEMENT VALUES ('611001','895000','30.4471931494');
INSERT INTO ELEMENT_HAS_ELEMENT VALUES ('211001','895000','1.99809705043');
INSERT INTO ELEMENT_HAS_ELEMENT VALUES ('811028','895000','42.8163653663');
INSERT INTO ELEMENT_HAS_ELEMENT VALUES ('521002','895000','15.2235965747');
INSERT INTO ELEMENT_HAS_ELEMENT VALUES ('643004','895000','5.70884871551');
INSERT INTO ELEMENT_HAS_ELEMENT VALUES ('1111001','895000','3.80589914367');

INSERT INTO ELEMENT VALUES ('896000','Risotto z mięsem','11.9000','0.9000','24.2000','228.0000','6.8000','2.3300','1.3430','3.6730','36.5641','2','0',null,'0',null,date('now'),null);
INSERT INTO ELEMENT_HAS_CATEGORY VALUES ('896000','300005');
INSERT INTO ELEMENT_HAS_ELEMENT VALUES ('314008','896000','43.5483870968');
INSERT INTO ELEMENT_HAS_ELEMENT VALUES ('621006','896000','36.866359447');
INSERT INTO ELEMENT_HAS_ELEMENT VALUES ('711007','896000','9.21658986175');
INSERT INTO ELEMENT_HAS_ELEMENT VALUES ('511005','896000','6.91244239631');
INSERT INTO ELEMENT_HAS_ELEMENT VALUES ('731005','896000','2.30414746544');
INSERT INTO ELEMENT_HAS_ELEMENT VALUES ('643004','896000','1.15207373272');

INSERT INTO ELEMENT VALUES ('897000','Ryż biały na sypko, z tłuszczem roślinnym','1.5000','0.9000','28.4000','135.0000','2.4000','2.7500','0.2310','2.9810','7.7491','2','0',null,'0',null,date('now'),null);
INSERT INTO ELEMENT_HAS_CATEGORY VALUES ('897000','300005');
INSERT INTO ELEMENT_HAS_ELEMENT VALUES ('621006','897000','95.9232613909');
INSERT INTO ELEMENT_HAS_ELEMENT VALUES ('512016','897000','4.07673860911');

INSERT INTO ELEMENT VALUES ('898000','Ryż biały na sypko, ze smalcem','2.0000','0.8000','24.9000','124.0000','2.1000','2.4100','0.2640','2.6740','9.8728','2','0',null,'0',null,date('now'),null);
INSERT INTO ELEMENT_HAS_CATEGORY VALUES ('898000','300005');
INSERT INTO ELEMENT_HAS_ELEMENT VALUES ('621006','898000','95.2380952381');
INSERT INTO ELEMENT_HAS_ELEMENT VALUES ('521004','898000','4.7619047619');

INSERT INTO ELEMENT VALUES ('899000','Ryż biały z jabłkami','2.2000','1.2000','32.3000','154.0000','2.0000','3.1100','0.2780','3.3880','8.2054','2','0',null,'0',null,date('now'),null);
INSERT INTO ELEMENT_HAS_CATEGORY VALUES ('899000','300005');
INSERT INTO ELEMENT_HAS_ELEMENT VALUES ('621006','899000','20.0183654729');
INSERT INTO ELEMENT_HAS_ELEMENT VALUES ('111003','899000','14.3250688705');
INSERT INTO ELEMENT_HAS_ELEMENT VALUES ('512016','899000','2.0202020202');
INSERT INTO ELEMENT_HAS_ELEMENT VALUES ('643004','899000','0.550964187328');
INSERT INTO ELEMENT_HAS_ELEMENT VALUES ('811013','899000','51.6069788797');
INSERT INTO ELEMENT_HAS_ELEMENT VALUES ('1111001','899000','11.4784205693');

INSERT INTO ELEMENT VALUES ('900000','Ziemniaki, średnio purée','1.4000','1.5000','18.4000','90.0000','2.1000','1.6900','0.2100','1.9000','11.0526','2','0',null,'0',null,date('now'),null);
INSERT INTO ELEMENT_HAS_CATEGORY VALUES ('900000','300005');
INSERT INTO ELEMENT_HAS_ELEMENT VALUES ('711052','900000','94.1018766756');
INSERT INTO ELEMENT_HAS_ELEMENT VALUES ('521002','900000','1.20643431635');
INSERT INTO ELEMENT_HAS_ELEMENT VALUES ('111003','900000','4.69168900804');

INSERT INTO ELEMENT VALUES ('901000','Ziemniaki, średnio z tłuszczem roślinnym','3.1000','1.5000','18.7000','105.0000','2.0000','1.7200','0.3590','2.0790','17.2679','2','0',null,'0',null,date('now'),null);
INSERT INTO ELEMENT_HAS_CATEGORY VALUES ('901000','300005');
INSERT INTO ELEMENT_HAS_ELEMENT VALUES ('711052','901000','97.2');
INSERT INTO ELEMENT_HAS_ELEMENT VALUES ('512016','901000','2.8');

INSERT INTO ELEMENT VALUES ('902000','Pyzy ziemniaczane','6.2000','3.0000','37.4000','210.0000','3.7000','3.4400','0.7060','4.1460','17.0285','2','0',null,'0',null,date('now'),null);
INSERT INTO ELEMENT_HAS_CATEGORY VALUES ('902000','300005');
INSERT INTO ELEMENT_HAS_ELEMENT VALUES ('711052','902000','95.3237410072');
INSERT INTO ELEMENT_HAS_ELEMENT VALUES ('521003','902000','2.87769784173');
INSERT INTO ELEMENT_HAS_ELEMENT VALUES ('711007','902000','1.79856115108');

INSERT INTO ELEMENT VALUES ('904000','Placki ziemniaczane','14.5000','1.8000','23.6000','231.0000','3.6000','2.1800','1.4490','3.6290','39.9284','2','0',null,'0',null,date('now'),null);
INSERT INTO ELEMENT_HAS_CATEGORY VALUES ('904000','300005');
INSERT INTO ELEMENT_HAS_ELEMENT VALUES ('711052','904000','75.9493670886');
INSERT INTO ELEMENT_HAS_ELEMENT VALUES ('111003','904000','5.06329113924');
INSERT INTO ELEMENT_HAS_ELEMENT VALUES ('211001','904000','3.79746835443');
INSERT INTO ELEMENT_HAS_ELEMENT VALUES ('511005','904000','7.59493670886');
INSERT INTO ELEMENT_HAS_ELEMENT VALUES ('611001','904000','2.53164556962');
INSERT INTO ELEMENT_HAS_ELEMENT VALUES ('711007','904000','5.06329113924');

INSERT INTO ELEMENT VALUES ('905000','Makaron zapiekany z białą kapustą','5.2000','2.2000','21.2000','138.0000','3.7000','1.9000','0.6160','2.5160','24.4833','2','0',null,'0',null,date('now'),null);
INSERT INTO ELEMENT_HAS_CATEGORY VALUES ('905000','300005');
INSERT INTO ELEMENT_HAS_ELEMENT VALUES ('711021','905000','69.8239731769');
INSERT INTO ELEMENT_HAS_ELEMENT VALUES ('631003','905000','19.5305951383');
INSERT INTO ELEMENT_HAS_ELEMENT VALUES ('511005','905000','4.19111483655');
INSERT INTO ELEMENT_HAS_ELEMENT VALUES ('711007','905000','6.45431684828');

INSERT INTO ELEMENT VALUES ('906000','Kluski śląskie','3.8000','1.4000','32.1000','169.0000','2.6000','3.0700','0.4460','3.5160','12.6849','2','0',null,'0',null,date('now'),null);
INSERT INTO ELEMENT_HAS_CATEGORY VALUES ('906000','300005');
INSERT INTO ELEMENT_HAS_ELEMENT VALUES ('611001','906000','4.51178451178');
INSERT INTO ELEMENT_HAS_ELEMENT VALUES ('711052','906000','78.5858585859');
INSERT INTO ELEMENT_HAS_ELEMENT VALUES ('211001','906000','2.28956228956');
INSERT INTO ELEMENT_HAS_ELEMENT VALUES ('731009','906000','11.2457912458');
INSERT INTO ELEMENT_HAS_ELEMENT VALUES ('512016','906000','3.367003367');

INSERT INTO ELEMENT VALUES ('907000','Kotlety ziemniaczane','12.8000','2.1000','29.3000','242.0000','4.4000','2.7200','1.3280','4.0480','32.8063','2','0',null,'0',null,date('now'),null);
INSERT INTO ELEMENT_HAS_CATEGORY VALUES ('907000','300005');
INSERT INTO ELEMENT_HAS_ELEMENT VALUES ('711052','907000','76.1421319797');
INSERT INTO ELEMENT_HAS_ELEMENT VALUES ('211001','907000','5.07614213198');
INSERT INTO ELEMENT_HAS_ELEMENT VALUES ('511005','907000','6.59898477157');
INSERT INTO ELEMENT_HAS_ELEMENT VALUES ('611001','907000','5.07614213198');
INSERT INTO ELEMENT_HAS_ELEMENT VALUES ('643004','907000','2.03045685279');
INSERT INTO ELEMENT_HAS_ELEMENT VALUES ('711007','907000','5.07614213198');

INSERT INTO ELEMENT VALUES ('908000','Łazanki z kapustą','6.9000','1.5000','18.9000','147.0000','3.7000','1.7400','0.7690','2.5090','30.6497','2','0',null,'0',null,date('now'),null);
INSERT INTO ELEMENT_HAS_CATEGORY VALUES ('908000','300005');
INSERT INTO ELEMENT_HAS_ELEMENT VALUES ('611001','908000','24.6848739496');
INSERT INTO ELEMENT_HAS_ELEMENT VALUES ('211001','908000','7.03781512605');
INSERT INTO ELEMENT_HAS_ELEMENT VALUES ('711021','908000','52.5210084034');
INSERT INTO ELEMENT_HAS_ELEMENT VALUES ('521003','908000','8.40336134454');
INSERT INTO ELEMENT_HAS_ELEMENT VALUES ('711007','908000','7.35294117647');

INSERT INTO ELEMENT VALUES ('909000','Ciasto naleśnikowe biszkoptowe','5.9000','0.7000','25.5000','187.0000','8.5000','2.4800','0.8710','3.3510','25.9922','2','0',null,'0',null,date('now'),null);
INSERT INTO ELEMENT_HAS_CATEGORY VALUES ('909000','300005');
INSERT INTO ELEMENT_HAS_ELEMENT VALUES ('611001','909000','25.2167060678');
INSERT INTO ELEMENT_HAS_ELEMENT VALUES ('111003','909000','39.4011032309');
INSERT INTO ELEMENT_HAS_ELEMENT VALUES ('211001','909000','32.2301024429');
INSERT INTO ELEMENT_HAS_ELEMENT VALUES ('521003','909000','1.57604412924');
INSERT INTO ELEMENT_HAS_ELEMENT VALUES ('1111001','909000','1.57604412924');

INSERT INTO ELEMENT VALUES ('910000','Ciasto naleśnikowe bez piany','4.2000','0.8000','28.3000','174.0000','6.2000','2.7500','0.6260','3.3760','18.5427','2','0',null,'0',null,date('now'),null);
INSERT INTO ELEMENT_HAS_CATEGORY VALUES ('910000','300005');
INSERT INTO ELEMENT_HAS_ELEMENT VALUES ('611001','910000','42.735042735');
INSERT INTO ELEMENT_HAS_ELEMENT VALUES ('111003','910000','39.8504273504');
INSERT INTO ELEMENT_HAS_ELEMENT VALUES ('211001','910000','14.5299145299');
INSERT INTO ELEMENT_HAS_ELEMENT VALUES ('521003','910000','2.88461538462');

INSERT INTO ELEMENT VALUES ('911000','Ryż biały gotowany','0.3000','0.9000','28.4000','124.0000','2.4000','2.7500','0.1230','2.8730','4.2812','2','0',null,'0',null,date('now'),null);
INSERT INTO ELEMENT_HAS_CATEGORY VALUES ('911000','300005');
INSERT INTO ELEMENT_HAS_ELEMENT VALUES ('621006','911000','100.0');

INSERT INTO ELEMENT VALUES ('912000','Jaja sadzone','14.2000','0.0000','0.6000','168.0000','9.9000','0.0600','1.6740','1.7340','96.5398','2','0',null,'0',null,date('now'),null);
INSERT INTO ELEMENT_HAS_CATEGORY VALUES ('912000','300006');
INSERT INTO ELEMENT_HAS_ELEMENT VALUES ('211001','912000','90.9090909091');
INSERT INTO ELEMENT_HAS_ELEMENT VALUES ('521002','912000','9.09090909091');

INSERT INTO ELEMENT VALUES ('913000','Jajecznica','8.7000','0.0000','0.5000','119.0000','9.8000','0.0500','1.1750','1.2250','95.9184','2','0',null,'0',null,date('now'),null);
INSERT INTO ELEMENT_HAS_CATEGORY VALUES ('913000','300006');
INSERT INTO ELEMENT_HAS_ELEMENT VALUES ('211001','913000','98.5221674877');
INSERT INTO ELEMENT_HAS_ELEMENT VALUES ('512016','913000','1.47783251232');

INSERT INTO ELEMENT VALUES ('915000','Omlet biszkoptowy ze szpinakiem','9.7000','2.4000','9.3000','138.0000','5.9000','0.6900','1.1090','1.7990','61.6454','2','0',null,'0',null,date('now'),null);
INSERT INTO ELEMENT_HAS_CATEGORY VALUES ('915000','300006');
INSERT INTO ELEMENT_HAS_ELEMENT VALUES ('611001','915000','5.50029256875');
INSERT INTO ELEMENT_HAS_ELEMENT VALUES ('211001','915000','14.6284376829');
INSERT INTO ELEMENT_HAS_ELEMENT VALUES ('111003','915000','3.27677004096');
INSERT INTO ELEMENT_HAS_ELEMENT VALUES ('711049','915000','70.2165008777');
INSERT INTO ELEMENT_HAS_ELEMENT VALUES ('521002','915000','6.37799882972');

INSERT INTO ELEMENT VALUES ('916000','Jaja gotowane','7.6000','0.0000','0.5000','109.0000','9.8000','0.0500','1.0760','1.1260','95.5595','2','0',null,'0',null,date('now'),null);
INSERT INTO ELEMENT_HAS_CATEGORY VALUES ('916000','300006');
INSERT INTO ELEMENT_HAS_ELEMENT VALUES ('211001','916000','100.0');

INSERT INTO ELEMENT VALUES ('917000','Gruszki w sosie waniliowym','1.1000','1.4000','34.8000','152.0000','1.6000','3.3400','0.1630','3.5030','4.6532','2','0',null,'0',null,date('now'),null);
INSERT INTO ELEMENT_HAS_CATEGORY VALUES ('917000','300007');
INSERT INTO ELEMENT_HAS_ELEMENT VALUES ('811011','917000','63.3333333333');
INSERT INTO ELEMENT_HAS_ELEMENT VALUES ('111003','917000','16.0');
INSERT INTO ELEMENT_HAS_ELEMENT VALUES ('211001','917000','1.86666666667');
INSERT INTO ELEMENT_HAS_ELEMENT VALUES ('211003','917000','0.733333333333');
INSERT INTO ELEMENT_HAS_ELEMENT VALUES ('1111001','917000','18.0666666667');

INSERT INTO ELEMENT VALUES ('918000','Jabłka pieczone','1.6000','1.6000','20.8000','93.0000','0.3000','1.9200','0.1560','2.0760','7.5145','2','0',null,'0',null,date('now'),null);
INSERT INTO ELEMENT_HAS_CATEGORY VALUES ('918000','300007');
INSERT INTO ELEMENT_HAS_ELEMENT VALUES ('811013','918000','89.138576779');
INSERT INTO ELEMENT_HAS_ELEMENT VALUES ('521002','918000','1.42322097378');
INSERT INTO ELEMENT_HAS_ELEMENT VALUES ('1111001','918000','9.43820224719');

INSERT INTO ELEMENT VALUES ('919000','Jabłka w kruchym cieście','17.4000','1.7000','45.0000','348.0000','4.4000','4.3300','1.7420','6.0720','28.6891','2','0',null,'0',null,date('now'),null);
INSERT INTO ELEMENT_HAS_CATEGORY VALUES ('919000','300007');
INSERT INTO ELEMENT_HAS_ELEMENT VALUES ('811013','919000','45.3661697991');
INSERT INTO ELEMENT_HAS_ELEMENT VALUES ('611001','919000','23.3311730395');
INSERT INTO ELEMENT_HAS_ELEMENT VALUES ('211001','919000','5.63836681789');
INSERT INTO ELEMENT_HAS_ELEMENT VALUES ('512015','919000','14.5819831497');
INSERT INTO ELEMENT_HAS_ELEMENT VALUES ('1111001','919000','11.0823071938');

INSERT INTO ELEMENT VALUES ('920000','Kisiel porzeczkowy','0.1000','2.0000','25.7000','98.0000','0.3000','2.3700','0.0210','2.3910','0.8783','2','0',null,'0',null,date('now'),null);
INSERT INTO ELEMENT_HAS_CATEGORY VALUES ('920000','300007');
INSERT INTO ELEMENT_HAS_ELEMENT VALUES ('811024','920000','26.7759562842');
INSERT INTO ELEMENT_HAS_ELEMENT VALUES ('811025','920000','26.7759562842');
INSERT INTO ELEMENT_HAS_ELEMENT VALUES ('1111001','920000','35.7012750455');
INSERT INTO ELEMENT_HAS_ELEMENT VALUES ('731009','920000','10.7468123862');

INSERT INTO ELEMENT VALUES ('921000','Kisiel waniliowy z mlekiem','4.5000','0.0000','16.6000','121.0000','3.3000','1.6600','0.5370','2.1970','24.4424','2','0',null,'0',null,date('now'),null);
INSERT INTO ELEMENT_HAS_CATEGORY VALUES ('921000','300007');
INSERT INTO ELEMENT_HAS_ELEMENT VALUES ('111003','921000','80.2547770701');
INSERT INTO ELEMENT_HAS_ELEMENT VALUES ('211003','921000','3.54868061874');
INSERT INTO ELEMENT_HAS_ELEMENT VALUES ('731009','921000','4.45859872611');
INSERT INTO ELEMENT_HAS_ELEMENT VALUES ('521002','921000','2.63876251137');
INSERT INTO ELEMENT_HAS_ELEMENT VALUES ('1111001','921000','9.0991810737');

INSERT INTO ELEMENT VALUES ('922000','Kompot z jabłek','0.1000','1.0000','13.2000','51.0000','0.2000','1.2200','0.0170','1.2370','1.3743','2','0',null,'0',null,date('now'),null);
INSERT INTO ELEMENT_HAS_CATEGORY VALUES ('922000','300007');
INSERT INTO ELEMENT_HAS_ELEMENT VALUES ('811013','922000','73.4557595993');
INSERT INTO ELEMENT_HAS_ELEMENT VALUES ('811025','922000','9.84974958264');
INSERT INTO ELEMENT_HAS_ELEMENT VALUES ('1111001','922000','16.694490818');

INSERT INTO ELEMENT VALUES ('923000','Kompot z wiśni','0.1000','0.3000','16.9000','69.0000','0.2000','1.6600','0.0170','1.6770','1.0137','2','0',null,'0',null,date('now'),null);
INSERT INTO ELEMENT_HAS_CATEGORY VALUES ('923000','300007');
INSERT INTO ELEMENT_HAS_ELEMENT VALUES ('811030','923000','66.6666666667');
INSERT INTO ELEMENT_HAS_ELEMENT VALUES ('1111001','923000','33.3333333333');

INSERT INTO ELEMENT VALUES ('924000','Mus jabłkowy','0.2000','0.8000','28.7000','124.0000','2.2000','2.7900','0.1060','2.8960','3.6602','2','0',null,'0',null,date('now'),null);
INSERT INTO ELEMENT_HAS_CATEGORY VALUES ('924000','300007');
INSERT INTO ELEMENT_HAS_ELEMENT VALUES ('811013','924000','57.5205104831');
INSERT INTO ELEMENT_HAS_ELEMENT VALUES ('211002','924000','18.5961713765');
INSERT INTO ELEMENT_HAS_ELEMENT VALUES ('1111001','924000','23.8833181404');

INSERT INTO ELEMENT VALUES ('925000','Napój mleczny z truskawkami','0.7000','0.7000','24.9000','109.0000','1.2000','2.4200','0.1110','2.5310','4.3856','2','0',null,'0',null,date('now'),null);
INSERT INTO ELEMENT_HAS_CATEGORY VALUES ('925000','300007');
INSERT INTO ELEMENT_HAS_ELEMENT VALUES ('131007','925000','30.8');
INSERT INTO ELEMENT_HAS_ELEMENT VALUES ('811028','925000','46.1');
INSERT INTO ELEMENT_HAS_ELEMENT VALUES ('1111001','925000','23.1');

INSERT INTO ELEMENT VALUES ('926000','Rolada biszkoptowa z dżemem','4.8000','0.5000','56.7000','299.0000','7.0000','5.6200','0.7120','6.3320','11.2445','2','0',null,'0',null,date('now'),null);
INSERT INTO ELEMENT_HAS_CATEGORY VALUES ('926000','300007');
INSERT INTO ELEMENT_HAS_ELEMENT VALUES ('611001','926000','10.5955143078');
INSERT INTO ELEMENT_HAS_ELEMENT VALUES ('211003','926000','12.1423047177');
INSERT INTO ELEMENT_HAS_ELEMENT VALUES ('211002','926000','27.3008507347');
INSERT INTO ELEMENT_HAS_ELEMENT VALUES ('1111001','926000','26.5274555298');
INSERT INTO ELEMENT_HAS_ELEMENT VALUES ('521002','926000','0.696055684455');
INSERT INTO ELEMENT_HAS_ELEMENT VALUES ('841012','926000','22.7378190255');

INSERT INTO ELEMENT VALUES ('927000','Truskawki w galaretce','0.2000','0.6000','16.0000','127.0000','15.4000','1.5400','0.6340','2.1740','29.1628','2','0',null,'0',null,date('now'),null);
INSERT INTO ELEMENT_HAS_CATEGORY VALUES ('927000','300007');
INSERT INTO ELEMENT_HAS_ELEMENT VALUES ('811028','927000','53.3333333333');
INSERT INTO ELEMENT_HAS_ELEMENT VALUES ('1111001','927000','20.0');
INSERT INTO ELEMENT_HAS_ELEMENT VALUES ('1421006','927000','26.6666666667');

INSERT INTO ELEMENT VALUES ('928000','Truskawki z bitą śmietaną','10.4000','0.9000','8.4000','127.0000','1.1000','0.7500','0.9800','1.7300','56.6474','2','0',null,'0',null,date('now'),null);
INSERT INTO ELEMENT_HAS_CATEGORY VALUES ('928000','300007');
INSERT INTO ELEMENT_HAS_ELEMENT VALUES ('811028','928000','59.375');
INSERT INTO ELEMENT_HAS_ELEMENT VALUES ('121001','928000','36.71875');
INSERT INTO ELEMENT_HAS_ELEMENT VALUES ('1111001','928000','3.90625');

INSERT INTO ELEMENT VALUES ('929000','Befsztyk tatarski','12.3000','0.5000','3.4000','195.0000','18.4000','0.2900','1.8430','2.1330','86.4041','2','0',null,'0',null,date('now'),null);
INSERT INTO ELEMENT_HAS_CATEGORY VALUES ('929000','300008');
INSERT INTO ELEMENT_HAS_ELEMENT VALUES ('315007','929000','54.7945205479');
INSERT INTO ELEMENT_HAS_ELEMENT VALUES ('211003','929000','12.3287671233');
INSERT INTO ELEMENT_HAS_ELEMENT VALUES ('511005','929000','3.42465753425');
INSERT INTO ELEMENT_HAS_ELEMENT VALUES ('711007','929000','13.698630137');
INSERT INTO ELEMENT_HAS_ELEMENT VALUES ('731007','929000','6.84931506849');
INSERT INTO ELEMENT_HAS_ELEMENT VALUES ('741001','929000','2.05479452055');
INSERT INTO ELEMENT_HAS_ELEMENT VALUES ('1421004','929000','6.84931506849');

INSERT INTO ELEMENT VALUES ('930000','Pasta z jaj','18.6000','0.4000','1.2000','197.0000','7.2000','0.0800','1.9620','2.0420','96.0823','2','0',null,'0',null,date('now'),null);
INSERT INTO ELEMENT_HAS_CATEGORY VALUES ('930000','300008');
INSERT INTO ELEMENT_HAS_ELEMENT VALUES ('211001','930000','71.4132762313');
INSERT INTO ELEMENT_HAS_ELEMENT VALUES ('511005','930000','14.2398286938');
INSERT INTO ELEMENT_HAS_ELEMENT VALUES ('711033','930000','7.17344753747');
INSERT INTO ELEMENT_HAS_ELEMENT VALUES ('711047','930000','7.17344753747');

INSERT INTO ELEMENT VALUES ('931000','Pasta z jaj i ryby wędzonej','23.1000','0.3000','1.2000','262.0000','13.3000','0.0900','2.6110','2.7010','96.6679','2','0',null,'0',null,date('now'),null);
INSERT INTO ELEMENT_HAS_CATEGORY VALUES ('931000','300008');
INSERT INTO ELEMENT_HAS_ELEMENT VALUES ('211001','931000','24.9812453113');
INSERT INTO ELEMENT_HAS_ELEMENT VALUES ('421003','931000','50.0375093773');
INSERT INTO ELEMENT_HAS_ELEMENT VALUES ('511005','931000','9.97749437359');
INSERT INTO ELEMENT_HAS_ELEMENT VALUES ('711007','931000','9.97749437359');
INSERT INTO ELEMENT_HAS_ELEMENT VALUES ('711047','931000','5.02625656414');

INSERT INTO ELEMENT VALUES ('932000','Pasta z sera twarogowego i ryby wędzonej','23.0000','0.0000','1.9000','273.0000','15.2000','0.1900','2.6780','2.8680','93.3752','2','0',null,'0',null,date('now'),null);
INSERT INTO ELEMENT_HAS_CATEGORY VALUES ('932000','300008');
INSERT INTO ELEMENT_HAS_ELEMENT VALUES ('142005','932000','50.0');
INSERT INTO ELEMENT_HAS_ELEMENT VALUES ('421003','932000','37.5234521576');
INSERT INTO ELEMENT_HAS_ELEMENT VALUES ('511005','932000','12.4765478424');